Price,Close,High,Low,Open,Volume
Ticker,AOK,AOK,AOK,AOK,AOK
Date,,,,,
2008-11-19,16.768266677856445,16.768266677856445,16.768266677856445,16.768266677856445,1300
2008-11-20,16.369848251342773,16.369848251342773,16.369848251342773,16.369848251342773,200
2008-11-21,16.369848251342773,16.369848251342773,16.369848251342773,16.369848251342773,0
2008-11-24,16.369848251342773,16.369848251342773,16.369848251342773,16.369848251342773,0
2008-11-25,17.633819580078125,17.805555259155536,16.72018581979587,17.310956975098723,5400
2008-11-26,15.724122047424316,17.70251826844981,15.724122047424316,17.70251826844981,160100
2008-11-28,17.015560150146484,17.015560150146484,16.933126502172772,16.96747440142781,1800
2008-12-01,16.912517547607422,17.10486052513571,16.912517547607422,17.10486052513571,500
2008-12-02,16.994979858398438,17.33158197310398,16.940024437839178,17.33158197310398,1800
2008-12-03,17.05678367614746,17.05678367614746,15.524902085059816,15.524902085059816,7200
2008-12-04,17.070520401000977,17.757462861321024,16.96747929400072,17.159822344337528,4000
2008-12-05,17.049911499023438,17.063650662561045,16.314883282865186,16.96060955650649,2700
2008-12-08,17.317819595336914,19.234389777034643,17.317819595336914,19.234389777034643,3500
2008-12-09,17.860509872436523,17.860509872436523,17.331563688680035,17.331563688680035,1500
2008-12-10,17.62008285522461,19.91447195075293,17.15983111905002,19.91447195075293,7900
2008-12-11,17.37965965270996,17.37965965270996,17.37965965270996,17.37965965270996,800
2008-12-12,17.28347396850586,17.51016495123928,17.084261315916564,17.51016495123928,2500
2008-12-15,17.324697494506836,17.407131209630084,17.25600426051682,17.407131209630084,1600
2008-12-16,17.317819595336914,17.62694424084907,17.20790890143011,17.214778483579135,2500
2008-12-17,17.778064727783203,17.778064727783203,17.757457298981475,17.757457298981475,3500
2008-12-18,17.84676170349121,17.84676170349121,17.778067207348244,17.798675949262694,900
2008-12-19,17.984149932861328,18.100930178278812,17.640678776955614,17.688764529144258,9000
2008-12-22,17.551376342773438,17.551376342773438,17.551376342773438,17.551376342773438,300
2008-12-23,17.551376342773438,17.551376342773438,17.551376342773438,17.551376342773438,0
2008-12-24,17.551376342773438,17.551376342773438,17.551376342773438,17.551376342773438,0
2008-12-26,17.70250701904297,17.716246182320273,17.523901827154162,17.68876785576566,700
2008-12-29,17.642480850219727,17.642480850219727,17.642480850219727,17.642480850219727,300
2008-12-30,17.601078033447266,18.001259288835328,17.58727836215583,18.001259288835328,2800
2008-12-31,17.870176315307617,19.008623594752,17.68388458339583,17.6976842633915,1600
2009-01-02,17.794279098510742,17.966771134831273,17.74598022289276,17.74598022289276,900
2009-01-05,17.463106155395508,17.60800025615787,17.463106155395508,17.60800025615787,153000
2009-01-06,17.614879608154297,17.759772224343823,17.614879608154297,17.704574849222688,2300
2009-01-07,17.614879608154297,17.614879608154297,17.614879608154297,17.614879608154297,0
2009-01-08,17.683883666992188,17.718382865193565,17.60108822332858,17.60108822332858,6200
2009-01-09,17.676979064941406,17.676979064941406,17.676979064941406,17.676979064941406,1200
2009-01-12,17.559694290161133,17.56659281527998,17.40100057621488,17.56659281527998,3700
2009-01-13,17.59416961669922,17.60106944897972,17.566570287577207,17.566570287577207,6700
2009-01-14,17.44929313659668,17.47689117509477,17.318198834704198,17.318198834704198,8900
2009-01-15,17.566591262817383,18.04266973056203,17.34580163024306,17.34580163024306,4900
2009-01-16,17.5458984375,18.008177365958296,17.42860374472669,18.008177365958296,4000
2009-01-20,17.318208694458008,17.87018293877117,17.249211584916264,17.36650627633411,7700
2009-01-21,17.214704513549805,17.59418643976838,17.056010851376676,17.076710368010485,4600
2009-01-22,17.214704513549805,17.214704513549805,17.131907763024273,17.214704513549805,2500
2009-01-23,17.269914627075195,17.732193644266903,17.138820223868706,17.18021797161419,3400
2009-01-26,17.33889389038086,17.33889389038086,17.14570370789792,17.14570370789792,200
2009-01-27,17.387195587158203,17.41479362515185,17.207803734165772,17.38029574865738,3800
2009-01-28,17.483787536621094,17.86326937356529,17.40099080557377,17.86326937356529,5500
2009-01-29,17.40789222717285,17.414792065055554,17.40789222717285,17.40789222717285,1600
2009-01-30,17.256103515625,17.256103515625,17.256103515625,17.256103515625,200
2009-02-02,17.27680206298828,17.352697660012343,17.111208558912786,17.111208558912786,6600
2009-02-03,17.261611938476562,17.323753846811595,17.254707135666393,17.254707135666393,500
2009-02-04,17.29613494873047,17.29613494873047,17.261612251011048,17.261612251011048,900
2009-02-05,17.31684112548828,17.31684112548828,17.261604045221805,17.309936325835487,4500
2009-02-06,17.282333374023438,17.34447530762581,17.275428568405726,17.275428568405726,9200
2009-02-09,17.510168075561523,17.510168075561523,17.461835804579252,17.461835804579252,1000
2009-02-10,17.40660285949707,17.80707338300329,17.40660285949707,17.80707338300329,2300
2009-02-11,17.33066177368164,18.014221571630397,17.2201875427176,18.014221571630397,3200
2009-02-12,17.220176696777344,17.32374605845451,16.647091490744085,16.647091490744085,10300
2009-02-13,17.323755264282227,17.323755264282227,17.323755264282227,17.323755264282227,200
2009-02-17,17.082094192504883,17.199473228190094,16.60567324567,16.60567324567,2300
2009-02-18,17.061368942260742,17.061368942260742,17.061368942260742,17.061368942260742,800
2009-02-19,16.978527069091797,17.06828690058178,16.978527069091797,17.06828690058178,1900
2009-02-20,16.950891494750977,16.978510688228226,16.950891494750977,16.9647010914896,700
2009-02-23,16.895668029785156,17.53089550475923,16.888763225855833,17.53089550475923,10400
2009-02-24,16.847332000732422,16.909473905423816,16.847332000732422,16.888759498207886,1700
2009-02-25,16.9163818359375,17.192567398439028,16.895667424891144,17.192567398439028,8900
2009-02-26,16.799009323120117,16.83353203796446,16.799009323120117,16.812818935840717,3900
2009-02-27,16.70924186706543,16.77138377905937,16.70924186706543,16.77138377905937,1300
2009-03-02,16.578054428100586,16.81971729018092,16.01877849702532,16.81971729018092,5100
2009-03-03,16.52621841430664,17.14137209041683,16.51930641230961,17.14137209041683,12400
2009-03-04,16.602237701416016,16.622972374819327,16.546943041792737,16.55385503903673,2200
2009-03-05,16.52621841430664,16.52621841430664,16.52621841430664,16.52621841430664,6900
2009-03-06,16.540040969848633,16.540040969848633,16.450186270085634,16.450186270085634,1900
2009-03-09,16.35342025756836,16.788867100173995,16.201360187793846,16.788867100173995,11100
2009-03-10,16.560775756835938,16.560775756835938,16.553865073731473,16.560775756835938,1200
2009-03-11,16.415624618530273,16.68518603250605,16.415624618530273,16.609156667578837,2300
2009-03-12,16.76121711730957,16.788865118548536,16.76121711730957,16.775041117929053,1300
2009-03-13,16.899444580078125,16.899444580078125,16.844149928344198,16.844149928344198,3300
2009-03-16,16.809600830078125,16.871807518344266,16.809600830078125,16.851071516145772,2500
2009-03-17,16.77504539489746,17.030782879914486,16.270481108605843,16.78195739696949,4900
2009-03-18,17.010047912597656,17.182844006570964,16.871810510087183,16.871810510087183,600
2009-03-19,17.162109375,17.25887477350835,17.162109375,17.25887477350835,1600
2009-03-20,17.044593811035156,18.24725356421904,17.003123148740148,17.113712460412557,46100
2009-03-23,17.24505043029785,17.24505043029785,17.162107726451048,17.162107726451048,2500
2009-03-24,17.141368865966797,17.279606243244487,17.141368865966797,17.210487554605642,21400
2009-03-25,17.127534866333008,17.549156083629065,17.127534866333008,17.549156083629065,4300
2009-03-26,17.33490562438965,17.410936334312705,17.224316219954126,17.410936334312705,3000
2009-03-27,17.27269172668457,17.3418104052559,17.00313033041845,17.265779726994523,2300
2009-03-30,17.12062644958496,17.583719740478575,17.113714452009983,17.583719740478575,8500
2009-03-31,17.203575134277344,17.203575134277344,17.203575134277344,17.203575134277344,100
2009-04-01,17.23122215270996,17.23122215270996,17.217398152442694,17.224310152576326,1400
2009-04-02,17.35877227783203,18.01735107956746,17.060678144284456,17.35877227783203,8000
2009-04-03,17.351848602294922,17.351848602294922,17.303320549178668,17.351848602294922,2000
2009-04-06,17.30331039428711,17.740053360239852,16.887366475431982,17.317175544183208,14900
2009-04-07,17.2340030670166,17.74006960124601,16.97750284812715,17.22013790442697,9500
2009-04-08,17.28251075744629,17.28251075744629,17.23398406414471,17.23398406414471,1200
2009-04-09,17.469696044921875,17.469696044921875,16.762589004313437,17.386506436863367,3000
2009-04-13,17.532087326049805,17.878708257077246,17.33104655137201,17.878708257077246,8000
2009-04-14,17.43502426147461,17.490483531132153,17.074538347573935,17.476618383154445,2300
2009-04-15,17.51128578186035,17.58061021742426,17.435028770514688,17.435028770514688,2200
2009-04-16,17.51128578186035,17.51128578186035,17.51128578186035,17.51128578186035,0
2009-04-17,17.539011001586914,17.76084941227009,17.51821460095496,17.539011001586914,3000
2009-04-20,17.386505126953125,17.435031843725405,17.20626209161762,17.20626209161762,1000
2009-04-21,17.441957473754883,17.441957473754883,17.407295924795456,17.407295924795456,700
2009-04-22,17.428098678588867,17.47662539372355,17.42116610181908,17.47662539372355,1100
2009-04-23,17.518226623535156,17.518226623535156,17.441969576207963,17.441969576207963,1100
2009-04-24,17.594463348388672,17.913355029178533,17.46968102695211,17.913355029178533,2900
2009-04-27,17.539011001586914,17.566741298767315,17.539011001586914,17.566741298767315,1300
2009-04-28,17.518226623535156,17.552888196545194,17.511294044482298,17.539023038439478,3300
2009-04-29,17.518226623535156,17.518226623535156,17.518226623535156,17.518226623535156,0
2009-04-30,17.573680877685547,17.68459946611106,17.48355869818115,17.587546031802205,4400
2009-05-01,17.54595375061035,18.01735849801345,17.54595375061035,17.54595375061035,3700
2009-05-04,17.69048500061035,17.71133051185132,17.669640814660962,17.669640814660962,1400
2009-05-05,17.704368591308594,17.718265588271095,17.704368591308594,17.718265588271095,5500
2009-05-06,17.79470443725586,17.79470443725586,17.773858933973997,17.773858933973997,2000
2009-05-07,17.676589965820312,17.794711883262227,17.516777024369514,17.794711883262227,9700
2009-05-08,18.406164169311523,18.406164169311523,17.780813437936764,18.197714367283776,6400
2009-05-11,17.759963989257812,18.336676393956715,17.482030539756757,18.336676393956715,18200
2009-05-12,18.1629638671875,18.1629638671875,17.732167445593962,17.753011621460494,18100
2009-05-13,17.71132469177246,17.732170196163434,17.71132469177246,17.732170196163434,1200
2009-05-14,17.746061325073242,17.75995699810989,17.641835162908805,17.641835162908805,4600
2009-05-15,17.73217010498047,17.766911286828964,17.725221603552544,17.725221603552544,1600
2009-05-18,17.864179611206055,18.899483327774636,17.495918478408214,17.75300628900778,11500
2009-05-19,17.864179611206055,18.051785089399598,17.829438445003046,18.051785089399598,4600
2009-05-20,17.898929595947266,18.23939820337534,17.898929595947266,18.23939820337534,4900
2009-05-21,18.149065017700195,18.197703186603917,17.433385506613558,17.766905515059666,20600
2009-05-22,18.197717666625977,18.197717666625977,17.71828144468802,17.732178454087208,3800
2009-05-26,17.89197540283203,17.89197540283203,17.753008073470465,17.780802069459046,4800
2009-05-27,17.718265533447266,18.05178550777183,17.718265533447266,18.05178550777183,8400
2009-05-28,17.753021240234375,17.766918248535568,17.70438303647186,17.70438303647186,800
2009-05-29,17.912818908691406,17.912818908691406,17.89197341401709,17.89197341401709,2700
2009-06-01,18.030942916870117,18.058735587852684,17.84333741789771,18.058735587852684,3300
2009-06-02,18.02538299560547,18.770060778943677,18.02538299560547,18.770060778943677,6000
2009-06-03,17.907062530517578,18.3872756253207,17.66347610112821,18.3872756253207,8000
2009-06-04,18.032337188720703,18.442954006764573,18.004499457846887,18.442954006764573,29300
2009-06-05,17.976655960083008,17.983615722942545,17.927938947505286,17.927938947505286,900
2009-06-08,17.858356475830078,17.886195548826755,17.552133310066925,17.886195548826755,6000
2009-06-09,17.900110244750977,17.95578705237696,17.71220184866316,17.88619203842433,3800
2009-06-10,17.872262954711914,17.976656747298403,17.872262954711914,17.976656747298403,2600
2009-06-11,18.018417358398438,18.053216180708276,17.962740570142042,17.962740570142042,9800
2009-06-12,18.442951202392578,18.832688667439417,17.99057719310474,17.99057719310474,7700
2009-06-15,17.879226684570312,18.401197090746468,17.84442786102827,18.401197090746468,1900
2009-06-16,17.858356475830078,18.081063750043256,17.753962606972657,17.858356475830078,11400
2009-06-17,17.844432830810547,17.955786442278963,17.78875602507634,17.78875602507634,25800
2009-06-18,17.85138511657715,17.85138511657715,17.7957083341751,17.823547389095722,3900
2009-06-19,17.83746337890625,17.8583426675096,17.83746337890625,17.851382904641817,3400
2009-06-22,17.774826049804688,17.774826049804688,17.628673701875815,17.733067477574224,2000
2009-06-23,17.802671432495117,17.809631197528894,17.802671432495117,17.809631197528894,1300
2009-06-24,17.802671432495117,18.046257898919574,17.802671432495117,17.91402501815668,10200
2009-06-25,17.900110244750977,18.01146386000294,17.78875662949901,18.01146386000294,8500
2009-06-26,17.900110244750977,17.900110244750977,17.900110244750977,17.900110244750977,0
2009-06-29,17.969707489013672,18.331607420485767,17.900111144124445,18.331607420485767,2000
2009-06-30,17.969707489013672,17.969707489013672,17.91403067859026,17.927950213056082,2000
2009-07-01,18.02538299560547,18.02538299560547,17.733079430165823,17.7469989636248,1000
2009-07-02,17.899620056152344,18.51443856167455,17.88564657515344,17.955512647563452,22200
2009-07-06,17.906600952148438,17.906600952148438,17.822762752448696,17.85769511355956,4200
2009-07-07,17.808786392211914,17.850705485276222,17.801799654603872,17.82974660503604,13000
2009-07-08,17.850719451904297,17.948532522363116,17.54331075213367,17.948532522363116,11000
2009-07-09,17.815773010253906,18.018384401775513,17.808786272692757,17.885639053281494,17000
2009-07-10,17.773855209350586,17.976465283014825,17.585217279240272,17.976465283014825,3000
2009-07-13,17.871675491333008,17.871675491333008,17.473440557539412,17.83674311673467,2300
2009-07-14,17.780858993530273,17.906616401580592,17.57824739304281,17.57824739304281,2500
2009-07-15,17.97646141052246,18.297844629542865,17.766864643940615,17.955502533414524,12900
2009-07-16,18.025386810302734,18.025386810302734,17.634138465896797,17.634138465896797,5900
2009-07-17,18.00441551208496,18.039347876203493,18.00441551208496,18.039347876203493,1700
2009-07-20,18.11620330810547,18.290867819240177,18.039350496779168,18.095243087038895,4500
2009-07-21,18.130184173583984,18.151143070603048,18.11621068718127,18.11621068718127,2800
2009-07-22,17.927568435668945,18.402656201834464,17.641118694172327,17.641118694172327,12300
2009-07-23,18.193058013916016,18.241963868912897,18.130178676752998,18.130178676752998,5200
2009-07-24,18.18606185913086,18.23496768881248,17.773853676694475,18.17208838419785,6500
2009-07-27,18.200050354003906,18.633219138036694,18.165117967868973,18.165117967868973,18900
2009-07-28,18.24196434020996,18.57731992535387,18.046339582583695,18.046339582583695,15600
2009-07-29,18.255937576293945,18.255937576293945,18.200044975444616,18.200044975444616,1100
2009-07-30,18.381696701049805,18.47252301246802,18.3258040988635,18.47252301246802,5500
2009-07-31,18.12318992614746,18.40265287556,18.12318992614746,18.227988365604105,2800
2009-08-03,18.4166316986084,18.423618440943535,18.179087789553144,18.179087789553144,5200
2009-08-04,18.452316284179688,18.452316284179688,18.403332906758973,18.403332906758973,2200
2009-08-05,18.424333572387695,18.445326457300688,18.424333572387695,18.445326457300688,1800
2009-08-06,18.417320251464844,18.44531074083266,18.403325006780936,18.403325006780936,1500
2009-08-07,18.410324096679688,18.494294236816717,18.410324096679688,18.43831458827873,1000
2009-08-10,18.494298934936523,18.746208084680177,18.452314521532724,18.746208084680177,12500
2009-08-11,18.40331268310547,18.459292289694677,18.361328311828338,18.424305536073582,3400
2009-08-12,18.51527976989746,18.697213902344558,18.41731575037197,18.543270252424552,8700
2009-08-13,18.543272018432617,18.55026963973082,18.543272018432617,18.543272018432617,2900
2009-08-14,18.480316162109375,18.697237334915126,18.34736387280073,18.34736387280073,13100
2009-08-17,18.333364486694336,18.431328599808797,18.319369232060573,18.431328599808797,4500
2009-08-18,18.480316162109375,18.487313791511024,18.36835676100568,18.445329349762474,3700
2009-08-19,18.410324096679688,19.10307274783483,18.389332562640504,18.69721996226939,6100
2009-08-20,18.550268173217773,18.550268173217773,18.473295679682447,18.473295679682447,600
2009-08-21,18.669239044189453,18.68323429616517,18.557279697705074,18.68323429616517,4000
2009-08-24,18.732213973999023,18.872162472072194,18.67623430783765,18.788193640160397,44100
2009-08-25,18.718210220336914,18.795182726838817,18.55726892006922,18.795182726838817,12000
2009-08-26,18.711210250854492,18.858157623498087,18.676223480284932,18.858157623498087,6400
2009-08-27,18.732213973999023,18.956132638644515,18.557277350412168,18.753205514646712,25600
2009-08-28,18.73921775817871,18.74621538558138,18.725222503373374,18.73921775817871,17700
2009-08-31,18.7042236328125,18.73221413346172,18.557277508385674,18.73221413346172,12700
2009-09-01,18.599266052246094,18.85817290206586,18.487306694124257,18.85817290206586,9500
2009-09-02,18.595745086669922,18.672935400235044,18.378210330229606,18.672935400235044,3200
2009-09-03,18.60978126525879,18.792230258655835,18.413297425038124,18.792230258655835,700
2009-09-04,18.686973571777344,18.79925102791249,18.53961166921223,18.79925102791249,9600
2009-09-08,18.76416015625,18.88345367477874,18.75012530973212,18.88345367477874,2400
2009-09-09,18.820301055908203,19.157129392760464,18.792232697055596,19.157129392760464,1600
2009-09-10,18.925575256347656,18.925575256347656,18.73610999809478,18.80628162196136,7700
2009-09-11,18.925575256347656,19.150129003409685,18.658919605716022,19.150129003409685,20900
2009-09-14,18.94661521911621,18.98170100822123,18.806269385822006,18.98170100822123,800
2009-09-15,18.981687545776367,18.981687545776367,18.93256694049248,18.946601781555337,2000
2009-09-16,19.072925567626953,19.171166844606237,18.974684290647666,19.171166844606237,3900
2009-09-17,19.086959838867188,19.108010775616965,18.974683714745133,19.086959838867188,26600
2009-09-18,19.10801124572754,19.10801124572754,18.96766675634059,19.03783833181556,15100
2009-09-21,19.065908432006836,19.17116713586048,18.953632302771343,19.115029071242734,3800
2009-09-22,19.09398651123047,19.10802136913592,19.044865846999112,19.044865846999112,3700
2009-09-23,19.05187225341797,19.115027739015925,19.05187225341797,19.100992889230394,11400
2009-09-24,19.016782760620117,19.016782760620117,18.939592440282645,18.960644710857416,4500
2009-09-25,18.988719940185547,19.072927714530042,18.932581870101604,19.072927714530042,5000
2009-09-28,19.072925567626953,19.150115907217543,18.932579738996242,19.122046206116597,6100
2009-09-29,19.065908432006836,19.100994220479038,18.96064972815319,19.100994220479038,3600
2009-09-30,19.072925567626953,19.150115907217543,19.009770078586836,19.150115907217543,21100
2009-10-01,18.94661521911621,19.136081692532265,18.92556294259096,19.136081692532265,22600
2009-10-02,18.88967514038086,18.931854909076407,18.770164678351257,18.903734169365595,24900
2009-10-05,18.981063842773438,18.981063842773438,18.882643940815427,18.959973289123607,8000
2009-10-06,19.037303924560547,19.14275401077082,18.952943051069973,19.14275401077082,25600
2009-10-07,19.079486846923828,19.079486846923828,19.009187671735432,19.072456661230824,21500
2009-10-08,19.128698348999023,19.170879466559754,19.058399168139655,19.079488386049096,11500
2009-10-09,19.07244873046875,19.093539278777822,18.99511940174266,18.99511940174266,12300
2009-10-12,19.128698348999023,19.241179988290046,19.107609131089582,19.241179988290046,3800
2009-10-13,19.135717391967773,19.156807938466493,19.09353763984048,19.156807938466493,4700
2009-10-14,19.206026077270508,19.438016824378625,19.128695381277563,19.438016824378625,2700
2009-10-15,19.198989868164062,19.198989868164062,19.051360048539124,19.051360048539124,3600
2009-10-16,19.17790412902832,19.17790412902832,19.11463381178183,19.11463381178183,13400
2009-10-19,19.262266159057617,19.269296344205618,19.051365968100445,19.135725508135028,14400
2009-10-20,19.220077514648438,19.536428995887494,19.21304733274645,19.220077514648438,3600
2009-10-21,19.17790412902832,19.255233473874718,19.17790412902832,19.248203289639495,11100
2009-10-22,19.213048934936523,19.213048934936523,19.086508331888588,19.128688085947832,5700
2009-10-23,19.07244873046875,19.198989338582678,19.07244873046875,19.198989338582678,8300
2009-10-26,19.05135726928711,19.170867680493473,18.995117154652945,19.11462756585931,3200
2009-10-27,19.079486846923828,19.26929783802246,19.079486846923828,19.26929783802246,1200
2009-10-28,18.95998191833496,19.072462240585757,18.938892695957442,19.072462240585757,6000
2009-10-29,19.023244857788086,19.04433541282219,18.988095273601935,18.988095273601935,2300
2009-10-30,18.966999053955078,19.05135990802591,18.924819297354805,19.037299542202387,15800
2009-11-02,18.988073348999023,19.016192715705746,18.924803097822476,18.974012995211094,5900
2009-11-03,18.959930419921875,18.974011640986433,18.93176797779276,18.93176797779276,7200
2009-11-04,19.01625633239746,19.18522697766312,19.01625633239746,19.030337555217763,4400
2009-11-05,19.093700408935547,19.093700408935547,19.002173809723832,19.072578576149944,29500
2009-11-06,19.10073471069336,19.10073471069336,19.037371914529736,19.05849239896465,2700
2009-11-09,19.227462768554688,19.361231654165767,19.19226106632702,19.361231654165767,8900
2009-11-10,19.255638122558594,19.340122801726352,19.12186914720658,19.206355169234104,22900
2009-11-11,19.304912567138672,19.304912567138672,19.29787195650125,19.29787195650125,800
2009-11-12,19.262664794921875,19.31194771257779,19.23450236034204,19.31194771257779,12600
2009-11-13,19.27676010131836,19.297881944162274,19.086668887162578,19.21339725850634,8700
2009-11-16,19.459800720214844,19.459800720214844,19.396436571415144,19.417558401968073,2400
2009-11-17,19.452762603759766,19.48796565919414,19.354196734262043,19.48796565919414,25400
2009-11-18,19.396442413330078,19.43868608715909,19.36828130697023,19.36828130697023,18700
2009-11-19,19.354196548461914,19.389399603558335,19.31195422520545,19.389399603558335,5700
2009-11-20,19.304912567138672,19.347154888104022,19.27675012458899,19.347154888104022,4100
2009-11-23,19.375324249267578,19.403485359013963,19.340121183510036,19.389405475570598,15400
2009-11-24,19.36827850341797,19.41052082827293,19.311954955991595,19.311954955991595,25900
2009-11-25,19.396442413330078,19.396442413330078,19.38940314388473,19.396442413330078,600
2009-11-27,19.340118408203125,19.35419963248549,19.185228969675517,19.185228969675517,10400
2009-11-30,19.354196548461914,19.354196548461914,19.2908323921476,19.2908323921476,11400
2009-12-01,19.445714950561523,19.487957256008677,19.290824259157503,19.487957256008677,8600
2009-12-02,19.427400588989258,19.48379357139286,19.413303351774424,19.48379357139286,16600
2009-12-03,19.39215087890625,19.476739660187825,19.3639537221361,19.476739660187825,5300
2009-12-04,19.399206161499023,19.469697730688388,19.399206161499023,19.469697730688388,1900
2009-12-07,19.39215087890625,19.42034669116196,19.3639537221361,19.39215087890625,11300
2009-12-08,19.32166862487793,19.363963035861588,19.32166862487793,19.35691374327846,5500
2009-12-09,19.293466567993164,19.335760965317313,19.286417277686695,19.32166238470438,6300
2009-12-10,19.31460952758789,19.328708105597254,19.265265849069525,19.265265849069525,9800
2009-12-11,19.328712463378906,19.328712463378906,19.28641806432968,19.321663172784916,4400
2009-12-14,19.399206161499023,19.399206161499023,19.328714592309662,19.328714592309662,6900
2009-12-15,19.30051612854004,19.58248238633047,19.06789490702327,19.30051612854004,33300
2009-12-16,19.399206161499023,19.41330474423987,19.392156870128602,19.392156870128602,2500
2009-12-17,19.342809677124023,19.371005492991966,19.335760387028383,19.35690691280069,1500
2009-12-18,19.335763931274414,19.363959752310652,19.307566765723323,19.307566765723323,4600
2009-12-21,19.38509750366211,19.40624536678211,19.3146059711096,19.399196079075445,5200
2009-12-22,19.38509750366211,19.38509750366211,19.321655258816268,19.38509750366211,5500
2009-12-23,19.38509750366211,19.38509750366211,19.38509750366211,19.38509750366211,100
2009-12-24,19.455591201782227,19.490836299724474,19.434443336308295,19.490836299724474,5600
2009-12-28,19.363948822021484,19.448538926411675,19.363948822021484,19.448538926411675,6200
2009-12-29,19.371734619140625,19.42122423703969,19.22326576544343,19.22326576544343,15100
2009-12-30,19.42829132080078,19.42829132080078,19.4000121215146,19.41415104691232,4900
2009-12-31,19.30103302001953,19.442433072671662,19.30103302001953,19.43536293518997,57300
2010-01-04,19.442420959472656,19.463631358703026,19.414140427165496,19.414140427165496,1400
2010-01-05,19.49192237854004,19.506062653279976,19.442432765441083,19.506062653279976,62400
2010-01-06,19.48485565185547,19.520206344893197,19.442436168701253,19.506066067678105,7600
2010-01-07,19.48485565185547,19.51313620628565,19.456576445916344,19.49899592907056,12000
2010-01-08,19.527263641357422,19.56261296265654,19.484842837610273,19.56261296265654,34800
2010-01-11,19.54848289489746,19.605042647582334,19.506063417506525,19.506063417506525,27600
2010-01-12,19.555551528930664,19.555551528930664,19.506061917697984,19.548481391827313,43800
2010-01-13,19.562618255615234,19.562618255615234,19.50605851713946,19.555548119744447,7200
2010-01-14,19.583837509155273,19.59090629972847,19.534346535704913,19.576767370090938,5400
2010-01-15,19.555551528930664,19.555551528930664,19.520202191904684,19.548481391827313,6500
2010-01-19,19.562618255615234,19.597967586478646,19.548477983873656,19.548477983873656,8700
2010-01-20,19.541400909423828,19.541400909423828,19.541400909423828,19.541400909423828,2000
2010-01-21,19.477783203125,19.534342956786155,19.44950400053987,19.506063754201026,6500
2010-01-22,19.371734619140625,19.442434651206842,19.34345541540871,19.38587489525206,20700
2010-01-25,19.385875701904297,19.392945840254203,19.272756185287793,19.364665286854574,3600
2010-01-26,19.336381912231445,19.407081931993694,19.30810136493026,19.329311775406147,4200
2010-01-27,19.329315185546875,19.350525599764776,19.209125535294014,19.308104771328974,7200
2010-01-28,19.28689193725586,19.301030862147655,19.2444711171084,19.251541253799644,3200
2010-01-29,19.272747039794922,19.350517176248648,19.25153663481017,19.25153663481017,4600
2010-02-01,19.336381912231445,19.35052218588204,19.27982216611979,19.27982216611979,3400
2010-02-02,19.433332443237305,19.433332443237305,19.355486797386952,19.369641042022675,2400
2010-02-03,19.327171325683594,19.39794117347174,19.320094205922523,19.320094205922523,23700
2010-02-04,19.19979476928711,19.26348752683761,19.192718996068788,19.26348752683761,3000
2010-02-05,19.178564071655273,19.21394833578817,19.093639947983903,19.21394833578817,9000
2010-02-08,19.18564796447754,19.256416517715405,19.18564796447754,19.256416517715405,2500
2010-02-09,19.235179901123047,19.26348704275459,19.171487145173117,19.171487145173117,4400
2010-02-10,19.18564796447754,19.235186491673495,19.150262338034977,19.235186491673495,4000
2010-02-11,19.22809600830078,19.22809600830078,19.16440327477622,19.16440327477622,3200
2010-02-12,19.242263793945312,19.242263793945312,19.192725266293717,19.19980104182368,1300
2010-02-16,19.29888343811035,19.341344849189692,19.21395926612775,19.341344849189692,6200
2010-02-17,19.327171325683594,19.362556924488956,19.29886419646188,19.305941316222953,5600
2010-02-18,19.327171325683594,19.35547980472788,19.29886419646188,19.35547980472788,5000
2010-02-19,19.355487823486328,19.369642068872416,19.320102210021112,19.348410700793284,9900
2010-02-22,19.355487823486328,19.390872087128415,19.3130264371512,19.390872087128415,14100
2010-02-23,19.327171325683594,19.39086405371067,19.284709956939736,19.34840268496681,33800
2010-02-24,19.348411560058594,19.355488683065936,19.327180191036575,19.348411560058594,3300
2010-02-25,19.28472328186035,19.30595465581354,19.24226188377748,19.291800406511413,9400
2010-02-26,19.405017852783203,19.405017852783203,19.355479365402683,19.355479365402683,1500
2010-03-01,19.426246643066406,19.454553767902876,19.40501528707228,19.43332241190875,7600
2010-03-02,19.45386505126953,19.489275154657204,19.425538319316722,19.446783030591995,11600
2010-03-03,19.489288330078125,19.503452381008575,19.439715502579794,19.439715502579794,6400
2010-03-04,19.503461837768555,19.51762454480792,19.453887635474644,19.51762454480792,5200
2010-03-05,19.53177261352539,19.574263401377507,19.50344587187658,19.553018682830345,17100
2010-03-08,19.588424682617188,19.602588726821192,19.588424682617188,19.602588726821192,7200
2010-03-09,19.616758346557617,19.638003068144265,19.581348225983234,19.602594298327865,5000
2010-03-10,19.59552001953125,19.63801083025743,19.545947181890956,19.545947181890956,5400
2010-03-11,19.652164459228516,19.65924648238584,19.560100859698895,19.616755694199693,7400
2010-03-12,19.63800811767578,19.694662974404505,19.62384406580402,19.694662974404505,9600
2010-03-15,19.68048858642578,19.68048858642578,19.595505676418934,19.616751741610027,4300
2010-03-16,19.758398056030273,19.758398056030273,19.645088352901357,19.645088352901357,6400
2010-03-17,19.807979583740234,19.81506161214163,19.75132470728789,19.79381687769625,9800
2010-03-18,19.758398056030273,19.8079708823044,19.75131603073994,19.8079708823044,7300
2010-03-19,19.722984313964844,19.722984313964844,19.722984313964844,19.722984313964844,2500
2010-03-22,19.73007583618164,19.73007583618164,19.62384678319181,19.62384678319181,1900
2010-03-23,19.751312255859375,19.779640351606627,19.694657415122816,19.694657415122816,26200
2010-03-24,19.708829879760742,19.722993933683206,19.67342109571311,19.67342109571311,8600
2010-03-25,19.68048858642578,19.72297936605044,19.63799645604359,19.68048858642578,10700
2010-03-26,19.68048858642578,19.72297936605044,19.66632454296505,19.708815322589707,7000
2010-03-29,19.68048858642578,19.7300613877808,19.68048858642578,19.701733300859345,5000
2010-03-30,19.737146377563477,19.744227049601097,19.66632750036769,19.737146377563477,8200
2010-03-31,19.73007583618164,19.75132056617279,19.666338944691148,19.73007583618164,30100
2010-04-01,19.779644012451172,19.822134813178362,19.73007118647642,19.822134813178362,10900
2010-04-05,19.768281936645508,19.78247851411476,19.732790492972377,19.775380225380136,17200
2010-04-06,19.81087875366211,19.832173628936566,19.761192065215763,19.761192065215763,10200
2010-04-07,19.775392532348633,19.810882644248448,19.775392532348633,19.775392532348633,3800
2010-04-08,19.80377769470215,19.825072567001055,19.768287594731174,19.796679403935848,18900
2010-04-09,19.881864547729492,19.881864547729492,19.825079555442617,19.846373081387064,17200
2010-04-12,19.90314292907715,19.917338149986165,19.846356630001548,19.881848066923798,18300
2010-04-13,19.924442291259766,19.931540580729727,19.86055903989042,19.924442291259766,18300
2010-04-14,19.981224060058594,19.981224060058594,19.910242530562492,19.910242530562492,6700
2010-04-15,19.988325119018555,19.99542340833808,19.93863844764213,19.988325119018555,3100
2010-04-16,19.90314292907715,19.98122138258633,19.860553204770447,19.98122138258633,13300
2010-04-19,19.881864547729492,19.896061134266464,19.810882968905645,19.896061134266464,13600
2010-04-20,19.952844619750977,19.967039851354944,19.924451448821234,19.967039851354944,10900
2010-04-21,19.952844619750977,19.967039851354944,19.924451448821234,19.938648034286107,3600
2010-04-22,19.93863868713379,19.981227069702236,19.888952015160555,19.93863868713379,16400
2010-04-23,19.988325119018555,20.016718276296658,19.910245290364024,19.910245290364024,5900
2010-04-26,19.981224060058594,20.05930387789031,19.981224060058594,20.05930387789031,12200
2010-04-27,19.924442291259766,19.967030674219238,19.90314877671017,19.938638870199686,5700
2010-04-28,19.86766815185547,19.938649731360503,19.860569858518865,19.938649731360503,12000
2010-04-29,20.030925750732422,20.030925750732422,19.95994552185062,19.988337342631123,5500
2010-04-30,19.93863868713379,20.00962022732138,19.881853725755768,19.881853725755768,1200
2010-05-03,19.995418548583984,20.016713411366986,19.94573188928357,19.974123685800983,1900
2010-05-04,19.871807098388672,19.935749383514086,19.836284208924052,19.935749383514086,6500
2010-05-05,19.836286544799805,19.843391394551652,19.694192259985886,19.829181695047957,13500
2010-05-06,19.488142013549805,20.603576817543992,19.360257526830132,19.76522416470211,30500
2010-05-07,19.587627410888672,19.679989127009286,19.537894804567674,19.679989127009286,5200
2010-05-10,19.78655242919922,19.978379292404696,19.751028183173336,19.978379292404696,9300
2010-05-11,19.822078704833984,19.857602956925813,19.77945095743545,19.79366065827218,5600
2010-05-12,19.900230407714844,19.900230407714844,19.843392960326728,19.843392960326728,10000
2010-05-13,19.878890991210938,19.91441519833773,19.850472980619447,19.900205515487013,16500
2010-05-14,19.687084197998047,19.850493005404974,19.687084197998047,19.850493005404974,44200
2010-05-17,19.679977416992188,19.722605146315484,19.66576772218073,19.722605146315484,10100
2010-05-18,19.644454956054688,19.75102496655366,19.637350108006597,19.75102496655366,8600
2010-05-19,19.630247116088867,19.644456813528645,19.55920133911265,19.58761937888087,7800
2010-05-20,19.445528030395508,19.53078351165358,19.161339479238084,19.438423181105428,11700
2010-05-21,19.46683692932129,19.530779203716712,19.310534344749783,19.310534344749783,9100
2010-05-24,19.459732055664062,19.5520937208282,19.459732055664062,19.5520937208282,3400
2010-05-25,19.459732055664062,19.459732055664062,19.21106916124787,19.253696892417626,43400
2010-05-26,19.39578628540039,19.530775657403403,19.39578628540039,19.459728548185453,34700
2010-05-27,19.53789710998535,19.573420017231417,19.452640235437933,19.452640235437933,17500
2010-05-28,19.60183334350586,19.608938193772428,19.537891046218398,19.56631044728466,8200
2010-06-01,19.473947525024414,19.57341271228185,19.473947525024414,19.481052374844452,3800
2010-06-02,19.575695037841797,19.575695037841797,19.46895760550043,19.525884326565166,8400
2010-06-03,19.604171752929688,19.604171752929688,19.54012897623337,19.54012897623337,17300
2010-06-04,19.433366775512695,19.547220154479735,19.397788103550248,19.476062810554836,14900
2010-06-07,19.404922485351562,19.454733216164204,19.404922485351562,19.454733216164204,6000
2010-06-08,19.433366775512695,19.433366775512695,19.319513396545656,19.397788103550248,8500
2010-06-09,19.4262638092041,19.504538568749222,19.4262638092041,19.49030654751552,7200
2010-06-10,19.511646270751953,19.511646270751953,19.48318224040534,19.511646270751953,2500
2010-06-11,19.597057342529297,19.597057342529297,19.518782535081584,19.518782535081584,1700
2010-06-14,19.639751434326172,19.661098121303734,19.625519404847108,19.625519404847108,22400
2010-06-15,19.725120544433594,19.75358457402267,19.6610778350978,19.703773879481417,6500
2010-06-16,19.73936653137207,19.774946593543106,19.70378782644163,19.732250518937864,23600
2010-06-17,19.753597259521484,19.774945295422718,19.753597259521484,19.753597259521484,9700
2010-06-18,19.782054901123047,19.789170911273885,19.732244187307323,19.760708227910683,7200
2010-06-21,19.774946212768555,19.92437839928774,19.76783020047137,19.83187295390547,27900
2010-06-22,19.71089744567871,19.789170842585953,19.689549415300288,19.746476139069262,7400
2010-06-23,19.725120544433594,19.75358457402267,19.611267140556546,19.611267140556546,1700
2010-06-24,19.575695037841797,19.782053892736425,19.575695037841797,19.774939240188413,27200
2010-06-25,19.66819953918457,19.66819953918457,19.611272820757815,19.611272820757815,1500
2010-06-28,19.675317764282227,19.68243377454191,19.653971090743358,19.653971090743358,10700
2010-06-29,19.490310668945312,19.554353420799238,19.483194656823706,19.525890729553346,7300
2010-06-30,19.497425079345703,19.54011979132742,19.497425079345703,19.518773113956772,2000
2010-07-01,19.44761085510254,19.490305559398873,19.39780014055012,19.47607489612688,8300
2010-07-02,19.40622329711914,19.44190907645067,19.39194844085644,19.44190907645067,6300
2010-07-06,19.42763328552246,19.51328105765292,19.399084935695747,19.4419081410984,8400
2010-07-07,19.541824340820312,19.548961766757742,19.477590230033055,19.491863720583112,2400
2010-07-08,19.598915100097656,19.61318994666511,19.556091921719588,19.598915100097656,15600
2010-07-09,19.641742706298828,19.656017555094895,19.606055584308663,19.62746785750276,1700
2010-07-12,19.67030143737793,19.684576293717573,19.620340801514406,19.641753086023872,13100
2010-07-13,19.755950927734375,19.755950927734375,19.72026378378974,19.72740121257867,2600
2010-07-14,19.755950927734375,19.7630883565233,19.72740121257867,19.74881349894545,4800
2010-07-15,19.77735710144043,19.784494528514653,19.70598555334824,19.784494528514653,18600
2010-07-16,19.634607315063477,19.7559408197451,19.634607315063477,19.7559408197451,85600
2010-07-19,19.648895263671875,19.656032693566935,19.591797185836935,19.591797185836935,2600
2010-07-20,19.677444458007812,19.691719318404463,19.60607151735016,19.60607151735016,14500
2010-07-21,19.656030654907227,19.713128726820138,19.656030654907227,19.713128726820138,1800
2010-07-22,19.78448486328125,19.820171981218284,19.77021137743079,19.798759710456064,15300
2010-07-23,19.848726272583008,19.848726272583008,19.763079886472863,19.79162822806799,7000
2010-07-26,19.912965774536133,19.912965774536133,19.834456798260522,19.841592864110545,27800
2010-07-27,19.898681640625,19.984329365459708,19.86299588271644,19.984329365459708,1800
2010-07-28,19.87727928161621,19.905827627959678,19.848729573947754,19.891554135450438,6300
2010-07-29,19.884410858154297,19.91295919609829,19.83445024575887,19.91295919609829,9100
2010-07-30,19.92011070251465,19.92011070251465,19.834464266814305,19.848737765213993,21700
2010-08-02,20.03429412841797,20.03429412841797,19.95578381113802,19.984333512448796,14700
2010-08-03,20.03215217590332,20.046439408147656,19.98214209382422,20.03215217590332,9400
2010-08-04,20.03215217590332,20.039295110707783,19.98928639126409,20.039295110707783,17400
2010-08-05,20.0250186920166,20.039305931976077,19.98929718552755,20.0250186920166,9400
2010-08-06,20.0250186920166,20.039305931976077,19.967865644270265,20.0250186920166,14000
2010-08-09,20.03215217590332,20.0607280030274,20.017863581023576,20.0607280030274,4100
2010-08-10,20.067867279052734,20.082155870357163,19.974992798209012,19.996425685165658,6300
2010-08-11,19.889266967773438,19.92498708877314,19.860689780865457,19.92498708877314,6900
2010-08-12,19.824979782104492,19.86784422171692,19.796402580605566,19.86784422171692,16800
2010-08-13,19.81783103942871,19.846408234521867,19.81783103942871,19.83211963697529,15100
2010-08-16,19.874975204467773,19.88926379564288,19.853543680340163,19.88926379564288,1800
2010-08-17,19.932140350341797,19.953573250162616,19.896420213276315,19.910708813156862,7500
2010-08-18,19.93928337097168,19.953571969935464,19.917850472526,19.924994772007892,12200
2010-08-19,19.86069107055664,19.882123962129413,19.83925954161923,19.87497966493849,8500
2010-08-20,19.832120895385742,19.846409493838976,19.789256462661786,19.846409493838976,12500
2010-08-23,19.839258193969727,19.839258193969727,19.79639241373599,19.79639241373599,2700
2010-08-24,19.753530502319336,19.789251990379526,19.73209897211866,19.73209897211866,4100
2010-08-25,19.77496910095215,19.782113400625576,19.703527466853703,19.732104665547414,5800
2010-08-26,19.79640007019043,19.839265867002936,19.760679935482464,19.78211283388872,7800
2010-08-27,19.79640007019043,19.817832968596683,19.79640007019043,19.817832968596683,12300
2010-08-30,19.81783103942871,19.846408234521867,19.81068674065542,19.846408234521867,5500
2010-08-31,19.832120895385742,19.846409493838976,19.803543698479274,19.81068799770589,8600
2010-09-01,19.93928337097168,19.953571969935464,19.896418936716117,19.924994772007892,7600
2010-09-02,19.982892990112305,19.990041304381535,19.939994922527134,19.96859363425058,6000
2010-09-03,20.05438995361328,20.05438995361328,20.004343564493094,20.04724163830625,4400
2010-09-07,20.01865005493164,20.040099099480358,19.98290301101276,20.004350691899162,4700
2010-09-08,20.03294563293457,20.040095313099947,20.01149659243844,20.01149659243844,2600
2010-09-09,19.990041732788086,20.04723915746078,19.990041732788086,20.04723915746078,1800
2010-09-10,20.03294563293457,20.03294563293457,19.997197232107684,20.03294563293457,6500
2010-09-13,20.1473331451416,20.1473331451416,20.05438868807356,20.05438868807356,20500
2010-09-14,20.16163444519043,20.18308211914867,20.11873636995021,20.14018540757032,14100
2010-09-15,20.1473331451416,20.161632502176953,20.118734431070898,20.140183466623924,4700
2010-09-16,20.118724822998047,20.12587449810126,20.07582813603985,20.12587449810126,5400
2010-09-17,20.111576080322266,20.140174782061038,20.09727809311403,20.140174782061038,6700
2010-09-20,20.183069229125977,20.211667927688083,20.168769879844923,20.183069229125977,1100
2010-09-21,20.283164978027344,20.304612640051257,20.21166958940504,20.21166958940504,8100
2010-09-22,20.2617244720459,20.31177085602681,20.240275437341925,20.304621177792153,4900
2010-09-23,20.19736671447754,20.25456274266237,20.19736671447754,20.25456274266237,6500
2010-09-24,20.276012420654297,20.290310405417472,20.254563398018153,20.26886274644225,8900
2010-09-27,20.290321350097656,20.33321941850933,20.268873679553472,20.33321941850933,22800
2010-09-28,20.333223342895508,20.34752133813064,20.290325266204345,20.290325266204345,13800
2010-09-29,20.290321350097656,20.3475174109849,20.290321350097656,20.297471028166267,3500
2010-09-30,20.318923950195312,20.35467098371656,20.261727878364173,20.35467098371656,13600
2010-10-01,20.34035873413086,20.34035873413086,20.2974606875737,20.2974606875737,5800
2010-10-04,20.28377914428711,20.36256544761167,20.255130448784623,20.333915385999056,4300
2010-10-05,20.455677032470703,20.46283954843999,20.355404541121167,20.355404541121167,8200
2010-10-06,20.48432731628418,20.52730104645106,20.4700022841918,20.505813498312495,8200
2010-10-07,20.47716522216797,20.52013895322032,20.44135400730939,20.52013895322032,7800
2010-10-08,20.54878807067871,20.584599283886366,20.491489309880336,20.512975491360844,7800
2010-10-11,20.555952072143555,20.563113222414454,20.527302006618687,20.548789555762337,3300
2010-10-12,20.512985229492188,20.55596034507521,20.484336518547703,20.55596034507521,9800
2010-10-13,20.62757110595703,20.62757110595703,20.570272350455877,20.58459738085869,7500
2010-10-14,20.58460807800293,20.641906863280383,20.58460807800293,20.627581825433317,3900
2010-10-15,20.5416259765625,20.613249770558554,20.5416259765625,20.591762222526665,12100
2010-10-18,20.634742736816406,20.634742736816406,20.54879524865133,20.54879524865133,9100
2010-10-19,20.5416259765625,20.584599706516034,20.52730094454124,20.5416259765625,11400
2010-10-20,20.62757110595703,20.641896136359843,20.555948686163156,20.563109835254473,6800
2010-10-21,20.60608673095703,20.677710523133157,20.555950486266802,20.64189794398999,7700
2010-10-22,20.620410919189453,20.62757206861497,20.570273310439767,20.570273310439767,10700
2010-10-25,20.677709579467773,20.706358275364664,20.663384548464254,20.692033244361145,8800
2010-10-26,20.61324691772461,20.62757058165326,20.5702718276085,20.5702718276085,9600
2010-10-27,20.5416259765625,20.563112158484145,20.50581339650935,20.563112158484145,5300
2010-10-28,20.577449798583984,20.59893735978159,20.534476042299854,20.59893735978159,12800
2010-10-29,20.60608673095703,20.62757291233272,20.563111635985226,20.584599183471127,14800
2010-11-01,20.54878807067871,20.677710624002607,20.54878807067871,20.677710624002607,18300
2010-11-02,20.690744400024414,20.690744400024414,20.64055916914926,20.683574885978683,6700
2010-11-03,20.669233322143555,20.71224903369572,20.647724782645064,20.68357234847588,3100
2010-11-04,20.84847068786621,20.855640202283745,20.776776911135922,20.776776911135922,50600
2010-11-05,20.819795608520508,20.862811330908894,20.805456578575992,20.855641815936636,7200
2010-11-08,20.819795608520508,20.841302785992124,20.798287063603738,20.841302785992124,11000
2010-11-09,20.68358039855957,20.84130564726765,20.482838054112182,20.819798466843345,17800
2010-11-10,20.705078125,20.705078125,20.253409765532822,20.66206241634711,39500
2010-11-11,20.690744400024414,20.690744400024414,20.669235857887212,20.669235857887212,3900
2010-11-12,20.568862915039062,20.67640287786321,20.561693401858143,20.619048139860677,10300
2010-11-15,20.497173309326172,20.597543779333467,20.497173309326172,20.57603660287196,2700
2010-11-16,20.368122100830078,20.439815870307186,20.34661355975347,20.439815870307186,5000
2010-11-17,20.418310165405273,20.446988224157565,20.39680298878616,20.39680298878616,8200
2010-11-18,20.482824325561523,20.511502370166355,20.475654814410316,20.511502370166355,8300
2010-11-19,20.54020118713379,20.54020118713379,20.454169695476804,20.482846403547164,11200
2010-11-22,20.54020118713379,20.561709743770987,20.50435496018436,20.55454022489192,16500
2010-11-23,20.47565460205078,20.497163135281333,20.454147436264645,20.497163135281333,6900
2010-11-24,20.497173309326172,20.525850000423215,20.46849525078403,20.46849525078403,21600
2010-11-26,20.497173309326172,20.504342823961707,20.46849525078403,20.504342823961707,2400
2010-11-29,20.47565460205078,20.48282411312763,20.41113036980354,20.461316947341498,15200
2010-11-30,20.439815521240234,20.475661721644155,20.439815521240234,20.46849220807439,3500
2010-12-01,20.482824325561523,20.53300953617555,20.475654814410316,20.475654814410316,13200
2010-12-02,20.540273666381836,20.58334970357169,20.51873496310564,20.554631432536766,8400
2010-12-03,20.55463981628418,20.568998957658394,20.511563761524627,20.511563761524627,9000
2010-12-06,20.647966384887695,20.647966384887695,20.590531206781634,20.619248111153333,10600
2010-12-07,20.547447204589844,20.655137950644413,20.547447204589844,20.640778819340568,50300
2010-12-08,20.511545181274414,20.53308387382505,20.46846916553499,20.525904309641504,8600
2010-12-09,20.48282814025879,20.54744284806417,20.468469011999407,20.49718589915633,22700
2010-12-10,20.533092498779297,20.5618093982142,20.49001646494573,20.5618093982142,11700
2010-12-13,20.57616424560547,20.6048825084194,20.52590865504323,20.55462554849502,10900
2010-12-14,20.454113006591797,20.554624181029432,20.454113006591797,20.54744598516564,5300
2010-12-15,20.432575225830078,20.56180466695761,20.432575225830078,20.52590820858312,4300
2010-12-16,20.490007400512695,20.518724287243735,20.439750452350193,20.490007400512695,9000
2010-12-17,20.58334732055664,20.58334732055664,20.49719388678872,20.504373453716244,9400
2010-12-20,20.59771156311035,20.619248899872296,20.56899328827747,20.619248899872296,105600
2010-12-21,20.640789031982422,20.647968601186648,20.597712986119873,20.647968601186648,2400
2010-12-22,20.66950225830078,20.705398726187966,20.62642485360119,20.705398726187966,9900
2010-12-23,20.640789031982422,20.647968601186648,20.619250324369744,20.619250324369744,9100
2010-12-27,20.640789031982422,20.640789031982422,20.640789031982422,20.640789031982422,0
2010-12-28,20.6120662689209,20.6551436747704,20.590528935358655,20.6120662689209,3800
2010-12-29,20.67327117919922,20.69487383856399,20.60846594796222,20.60846594796222,8300
2010-12-30,20.65166664123535,20.694870579732893,20.637264870593356,20.65166664123535,3700
2010-12-31,20.730880737304688,20.74528113849917,20.694876300746422,20.694876300746422,3100
2011-01-03,20.75967788696289,20.810082712512042,20.69487129027727,20.74527611582642,11000
2011-01-04,20.75967788696289,20.82448448364851,20.73087571811844,20.82448448364851,50900
2011-01-05,20.738075256347656,20.74527614192495,20.687670430735093,20.702072201889678,6800
2011-01-06,20.723691940307617,20.74529324141607,20.68768748274416,20.74529324141607,7000
2011-01-07,20.71647834777832,20.745280522741208,20.673273025190817,20.745280522741208,13000
2011-01-10,20.752470016479492,20.752470016479492,20.680462558462075,20.730868740473888,11700
2011-01-11,20.75967788696289,20.766878772531125,20.723674832550206,20.75967788696289,4600
2011-01-12,20.795682907104492,20.831687338349013,20.774081621786397,20.802883793353395,13500
2011-01-13,20.831682205200195,20.853283485195504,20.81007955177661,20.831682205200195,7800
2011-01-14,20.86768341064453,20.882085178321304,20.838881248719144,20.838881248719144,16900
2011-01-18,20.86768341064453,20.88928606215969,20.838881248719144,20.86768341064453,11800
2011-01-19,20.838891983032227,20.89649770998442,20.802887545294062,20.86769415979389,16100
2011-01-20,20.738075256347656,20.795680967537514,20.738075256347656,20.795680967537514,5500
2011-01-21,20.752470016479492,20.795673941918732,20.74526913333495,20.795673941918732,6300
2011-01-24,20.82448387145996,20.82448387145996,20.76687816203604,20.78848081810568,4500
2011-01-25,20.838891983032227,20.84609287057986,20.774085368532397,20.817289320389328,8500
2011-01-26,20.86768341064453,20.88928606215969,20.853281642967758,20.86768341064453,20400
2011-01-27,20.9036865234375,20.9036865234375,20.853280339718985,20.853280339718985,13800
2011-01-28,20.788469314575195,20.896479788297697,20.781268433203337,20.853274500066544,7600
2011-01-31,20.82448387145996,20.82448387145996,20.817282986103415,20.817282986103415,4900
2011-02-01,20.889284133911133,20.910886783432193,20.853279718042696,20.853279718042696,12100
2011-02-02,20.86910057067871,20.919578478220014,20.86910057067871,20.897944499808105,1500
2011-02-03,20.86187744140625,20.86187744140625,20.833032153176987,20.86187744140625,20100
2011-02-04,20.833040237426758,20.833040237426758,20.796984988568003,20.82582891257109,5500
2011-02-07,20.854679107666016,20.869101760763094,20.81862385034323,20.8330451280204,4600
2011-02-08,20.825828552246094,20.86909650063148,20.825828552246094,20.861885175900582,11200
2011-02-09,20.84746551513672,20.854676840901433,20.80419893596818,20.818621587497613,10000
2011-02-10,20.796981811523438,20.811404459031497,20.782559164015375,20.789770487769406,12700
2011-02-11,20.876319885253906,20.876319885253906,20.840263240770113,20.847474569666872,4200
2011-02-14,20.876319885253906,20.89795249652383,20.876319885253906,20.876319885253906,7500
2011-02-15,20.883520126342773,20.897942777428685,20.854676199590656,20.890731451885728,5000
2011-02-16,20.89794158935547,20.91957556475442,20.890730264222487,20.91236423962144,5100
2011-02-17,20.941213607788086,20.970057538503053,20.88352299551835,20.897945648585786,7500
2011-02-18,20.984498977661133,20.998921643640262,20.934021022155303,20.970076311682,22100
2011-02-22,20.93400764465332,20.991696896283432,20.912373659509434,20.955640254376956,22500
2011-02-23,20.89794158935547,20.926786889887406,20.87630898937615,20.91236423962144,19000
2011-02-24,20.941213607788086,20.948423558901904,20.897945648585786,20.941213607788086,9700
2011-02-25,21.013320922851562,21.013320922851562,20.97005434565682,20.97005434565682,19400
2011-02-28,21.02052116394043,21.063787718320253,21.00609852067417,21.05657777210609,11700
2011-03-01,20.991689682006836,21.056590239713675,20.97726703020092,21.056590239713675,12000
2011-03-02,20.991695404052734,21.027801658070977,20.97003302895455,20.97003302895455,31600
2011-03-03,21.0422420501709,21.04946330072327,20.977252172512237,20.977252172512237,27500
2011-03-04,21.027799606323242,21.07112572960491,21.013357106125145,21.07112572960491,16000
2011-03-07,21.02056884765625,21.23720074338466,20.977241366660966,21.23720074338466,33500
2011-03-08,21.056682586669922,21.056682586669922,20.94114534323707,20.94114534323707,23600
2011-03-09,21.056682586669922,21.071125086427177,21.006135214832124,21.056682586669922,8600
2011-03-10,21.013351440429688,21.02057268858172,20.962804080677735,21.02057268858172,11900
2011-03-11,21.02056884765625,21.02056884765625,20.94113650981023,20.94113650981023,11800
2011-03-14,20.97724723815918,20.99891098472047,20.948363620056515,20.99891098472047,13700
2011-03-15,20.955583572387695,20.955583572387695,20.847267600907532,20.847267600907532,14300
2011-03-16,20.876148223876953,20.962801815023557,20.876148223876953,20.941138072908878,11100
2011-03-17,20.93392562866211,20.97003188070329,20.93392562866211,20.97003188070329,11200
2011-03-18,20.984485626220703,21.006149390476008,20.962823239278915,20.991706880972473,8700
2011-03-21,21.056682586669922,21.056682586669922,21.020577714589376,21.056682586669922,9700
2011-03-22,20.991695404052734,21.042242782365513,20.991695404052734,21.042242782365513,4800
2011-03-23,20.99890899658203,21.027793989262307,20.977245252071825,21.027793989262307,9300
2011-03-24,21.049448013305664,21.049448013305664,21.013343164078087,21.042226767997807,4000
2011-03-25,21.0422420501709,21.09278942672481,21.02780092637886,21.09278942672481,22600
2011-03-28,21.02056884765625,21.05667370450698,21.02056884765625,21.049452457674434,21000
2011-03-29,21.02056884765625,21.049452457674434,20.998905107158606,20.998905107158606,15000
2011-03-30,21.100008010864258,21.114450510143904,21.04946064069803,21.085566888897148,29800
2011-03-31,21.092790603637695,21.12889685841419,21.085570729995187,21.12889685841419,7500
2011-04-01,21.157779693603516,21.157779693603516,21.114453566804947,21.114453566804947,3800
2011-04-04,21.162851333618164,21.19181245033972,21.148370775257387,21.184572171159335,11400
2011-04-05,21.170087814331055,21.199048925856232,21.133887805866387,21.133887805866387,8600
2011-04-06,21.15559959411621,21.191800970407304,21.15559959411621,21.15559959411621,6300
2011-04-07,21.141117095947266,21.177317085597494,21.141117095947266,21.155596263242703,21300
2011-04-08,21.148353576660156,21.16283412324484,21.133874411016404,21.141114684308747,80500
2011-04-11,21.097692489624023,21.162853628371096,21.097692489624023,21.162853628371096,9500
2011-04-12,21.12665367126465,21.12665367126465,21.08321337228697,21.08321337228697,7100
2011-04-13,21.133872985839844,21.14111325864393,21.11215216742758,21.14111325864393,2300
2011-04-14,21.12665367126465,21.141134231237945,21.09045227133141,21.09045227133141,4000
2011-04-15,21.191802978515625,21.199043254459923,21.170082150682735,21.170082150682735,13400
2011-04-18,21.141117095947266,21.14835598912444,21.083196283942247,21.14835598912444,10000
2011-04-19,21.191802978515625,21.191802978515625,21.13388215190268,21.14836132284984,6000
2011-04-20,21.22075653076172,21.264198173795506,21.206277364024825,21.206277364024825,15700
2011-04-21,21.2569580078125,21.285917722374265,21.242477460061096,21.242477460061096,45400
2011-04-25,21.293167114257812,21.293167114257812,21.249726833342958,21.249726833342958,23500
2011-04-26,21.33660316467285,21.365564266834934,21.30764344345213,21.30764344345213,36000
2011-04-27,21.33660316467285,21.358323991294412,21.31488371899265,21.31488371899265,20800
2011-04-28,21.39451789855957,21.408998445519032,21.365558185581616,21.39451789855957,3500
2011-04-29,21.423480987548828,21.727565597310665,21.409000439240863,21.423480987548828,15000
2011-05-02,21.45244789123535,21.45244789123535,21.43072844243702,21.437968719016983,21000
2011-05-03,21.421979904174805,21.44374195064635,21.38570752063898,21.44374195064635,19000
2011-05-04,21.37845230102539,21.436486729016046,21.356690255310085,21.436486729016046,13000
2011-05-05,21.36393165588379,21.392948160294495,21.327659295809084,21.35667718386885,37600
2011-05-06,21.36393165588379,21.42196604835426,21.36393165588379,21.40745710432438,9200
2011-05-09,21.421979904174805,21.421979904174805,21.34943652075311,21.34943652075311,11000
2011-05-10,21.43648338317871,21.443737858501493,21.385703439568932,21.385703439568932,22900
2011-05-11,21.371200561523438,21.436489474330543,21.363947467789387,21.436489474330543,3900
2011-05-12,21.37845230102539,21.392961253935532,21.356690255310085,21.37119782457032,17000
2011-05-13,21.349428176879883,21.378444688718236,21.334919229136002,21.378444688718236,5000
2011-05-16,21.349428176879883,21.371190214846294,21.31315580752018,21.356682650751825,18200
2011-05-17,21.30591583251953,21.320423405544386,21.28415239750685,21.28415239750685,6800
2011-05-18,21.37845230102539,21.37845230102539,21.313163396579665,21.313163396579665,3400
2011-05-19,21.35668182373047,21.371189387263144,21.342172876548435,21.371189387263144,4900
2011-05-20,21.35668182373047,21.363936297321487,21.327663929366402,21.334918402957417,2700
2011-05-23,21.284149169921875,21.34218360417159,21.247878167384574,21.291403647159346,32000
2011-05-24,21.298654556274414,21.313162124668874,21.262382176163698,21.305909032296555,10400
2011-05-25,21.327667236328125,21.327667236328125,21.284141771682542,21.2913962463984,2800
2011-05-26,21.36393165588379,21.36393165588379,21.291388319383437,21.313150351779203,14900
2011-05-27,21.37845230102539,21.400215730390602,21.37119782457032,21.392961253935532,2500
2011-05-31,21.43648338317871,21.450992333824274,21.400212390214495,21.43648338317871,28500
2011-06-01,21.39295768737793,21.443737630447664,21.378448736886668,21.407466637869188,96900
2011-06-02,21.344966888427734,21.388601866186445,21.323148705982916,21.323148705982916,13400
2011-06-03,21.32314109802246,21.352231997569444,21.30859564824897,21.32314109802246,8200
2011-06-06,21.26496124267578,21.308596206007973,21.24314306744445,21.308596206007973,13400
2011-06-07,21.279508590698242,21.29405404214974,21.257690413521,21.264963139246746,5200
2011-06-08,21.26496124267578,21.286779417907116,21.235871729497813,21.279506692830005,12600
2011-06-09,21.29405403137207,21.29405403137207,21.2431449513176,21.264963128483803,10000
2011-06-10,21.19224739074707,21.308608283672953,21.184974661547795,21.308608283672953,8700
2011-06-13,21.19948959350586,21.2067623122327,21.163127387000905,21.163127387000905,10900
2011-06-14,21.23587417602539,21.243145514809736,21.19951054645048,21.19951054645048,5100
2011-06-15,21.177698135375977,21.206787657920973,21.16315268053802,21.206787657920973,47500
2011-06-16,21.16314697265625,21.20678193827048,21.1340560708264,21.15587424719879,9400
2011-06-17,21.206775665283203,21.214048388589386,21.16314071257624,21.214048388589386,51100
2011-06-20,21.19948959350586,21.2067623122327,21.163127387000905,21.163127387000905,7600
2011-06-21,21.286781311035156,21.301326762482972,21.20678271520278,21.243144956691715,117300
2011-06-22,21.26496124267578,21.294052142984224,21.235871729497813,21.235871729497813,7400
2011-06-23,21.26496124267578,21.26496124267578,21.163145865857178,21.20678082918937,16100
2011-06-24,21.228595733642578,21.286776138164896,21.097689476684803,21.097689476684803,26900
2011-06-27,21.272233963012695,21.272233963012695,21.23587172476572,21.264961237937204,21500
2011-06-28,21.279508590698242,21.29405404214974,21.264963139246746,21.272235864972494,6500
2011-06-29,21.32314109802246,21.330413822909208,21.301324310492664,21.315868373135718,24200
2011-06-30,21.344966888427734,21.37405641122323,21.315875978501307,21.344966888427734,65600
2011-07-01,21.43950843811035,21.43950843811035,21.3376930330118,21.366782554269587,32800
2011-07-05,21.43950843811035,21.47599584410413,21.417617386366306,21.47599584410413,11700
2011-07-06,21.475996017456055,21.483293498713714,21.432212521762324,21.432212521762324,11100
2011-07-07,21.512483596801758,21.519781078590267,21.47599757971154,21.48329506150005,49700
2011-07-08,21.527069091796875,21.527069091796875,21.461393176439866,21.51247413463938,6200
2011-07-11,21.43221092224121,21.490589376093382,21.424913441528176,21.490589376093382,25800
2011-07-12,21.424907684326172,21.46869116498697,21.424907684326172,21.46869116498697,25600
2011-07-13,21.505172729492188,21.527065161231153,21.44679430337308,21.44679430337308,9500
2011-07-14,21.424907684326172,21.512474645647774,21.424907684326172,21.50517716689568,8400
2011-07-15,21.468700408935547,21.468700408935547,21.41032194563408,21.41032194563408,3800
2011-07-18,21.41761016845703,21.461393649041955,21.36652920913266,21.461393649041955,17500
2011-07-19,21.49058723449707,21.497883322630905,21.446802354582132,21.475992274525424,61000
2011-07-20,21.512483596801758,21.519781078590267,21.48329506150005,21.512483596801758,13700
2011-07-21,21.534374237060547,21.548969199414152,21.51248179353014,21.51977927470694,28200
2011-07-22,21.578144073486328,21.578144073486328,21.52706312943473,21.563549120371203,10600
2011-07-25,21.519779205322266,21.55626661108864,21.497886761862443,21.497886761862443,5800
2011-07-26,21.527069091796875,21.54896152753312,21.527069091796875,21.54166404895437,5500
2011-07-27,21.403018951416016,21.5270733279631,21.403018951416016,21.5270733279631,25100
2011-07-28,21.403018951416016,21.48328983972648,21.403018951416016,21.410316431430783,31100
2011-07-29,21.468700408935547,21.490592854618228,21.35194348233262,21.403024463739854,31000
2011-08-01,21.483291625976562,21.716805438456944,21.381128289127314,21.716805438456944,14200
2011-08-02,21.45111656188965,21.56809595380758,21.443805175581733,21.480360712616957,21400
2011-08-03,21.378009796142578,21.43649950770434,21.378009796142578,21.39994396091751,15400
2011-08-04,21.253719329833984,21.37801014323379,21.209852394076623,21.37801014323379,167200
2011-08-05,21.129426956176758,21.246406372561456,21.049004478977682,21.246406372561456,31200
2011-08-08,20.888166427612305,21.049014245652614,20.836988083510494,21.049014245652614,67000
2011-08-09,21.122106552124023,21.122106552124023,20.844280905429624,20.9685716565965,30600
2011-08-10,21.056310653686523,21.129423124293957,21.034377888657367,21.122111737782777,16300
2011-08-11,21.129426956176758,21.129426956176758,21.012447539792063,21.056314472310163,35200
2011-08-12,21.158674240112305,21.209852564658288,20.83698012146001,21.209852564658288,31100
2011-08-15,21.246410369873047,21.275655926723818,21.202543429101798,21.202543429101798,108800
2011-08-16,21.239093780517578,21.246405167940164,21.217161012754385,21.239093780517578,20300
2011-08-17,21.282970428466797,21.30490320480753,21.239102086775112,21.30490320480753,46100
2011-08-18,21.04899024963379,21.202525106908247,21.02705610095014,21.202525106908247,50000
2011-08-19,21.02707290649414,21.12211817107927,20.96858319109449,20.97589457983255,42800
2011-08-22,20.968578338623047,21.114801896031246,20.968578338623047,21.114801896031246,20400
2011-08-23,21.11480712890625,21.11480712890625,20.961272146401445,21.019761862761108,11700
2011-08-24,21.06363296508789,21.078255745694527,21.0197660177731,21.078255745694527,11900
2011-08-25,20.990516662597656,21.180608592610117,20.77118057116282,21.05631776892908,57900
2011-08-26,21.0855712890625,21.129438245017433,20.968591810179092,21.03439294136418,27300
2011-08-29,21.202533721923828,21.23177926538508,21.12942125777496,21.158666801236212,95100
2011-08-30,21.261022567749023,21.290268110045748,21.202532877659785,21.202532877659785,18100
2011-08-31,21.304895401000977,21.363385107327154,21.282962632694034,21.348763726624057,26400
2011-09-01,21.304895401000977,21.348763726624057,21.304895401000977,21.348763726624057,114900
2011-09-02,21.257320404052734,21.271955727635383,21.213415829006063,21.213415829006063,13000
2011-09-06,21.184158325195312,21.19147459534259,21.096347730705418,21.14756999594867,58300
2011-09-07,21.286598205566406,21.29391586981717,21.220740623011267,21.250011280014327,26700
2011-09-08,21.257320404052734,21.29390871300936,21.24268647617136,21.286591051218032,28300
2011-09-09,21.147571563720703,21.220746831936776,21.125619960247388,21.198793832761307,12800
2011-09-12,21.132938385009766,21.132938385009766,21.015858502211,21.015858502211,15400
2011-09-13,21.15488624572754,21.184156907165526,21.11098164927251,21.184156907165526,33300
2011-09-14,21.19879722595215,21.228067896204657,21.154892616275763,21.19147955838902,3700
2011-09-15,21.279277801513672,21.279277801513672,21.213420227437986,21.264642474896505,19700
2011-09-16,21.293922424316406,21.293922424316406,21.27928709130996,21.27928709130996,30100
2011-09-19,21.279277801513672,21.286595464822256,21.213420227437986,21.22073789074657,52400
2011-09-20,21.293922424316406,21.33050936113034,21.293922424316406,21.293922424316406,13400
2011-09-21,21.169527053833008,21.32319387903621,21.169527053833008,21.301242272979934,14000
2011-09-22,21.0085391998291,21.08903213637628,20.98658759582692,21.001222928963166,19400
2011-09-23,21.0085391998291,21.030492199533473,20.964634596122547,21.001222928963166,22900
2011-09-26,21.067073822021484,21.067073822021484,20.971945582638618,21.05243849354693,26800
2011-09-27,21.118303298950195,21.29392311360585,21.081714965249713,21.29392311360585,20800
2011-09-28,21.05244255065918,21.147569412672635,21.04512488501168,21.147569412672635,7700
2011-09-29,21.030494689941406,21.11830530345514,20.964637078731695,21.09635230115112,19500
2011-09-30,20.92803955078125,21.00853106044121,20.92803955078125,21.00853106044121,6200
2011-10-03,20.840225219726562,20.964622689329133,20.840225219726562,20.854860544550725,13800
2011-10-04,20.784521102905273,20.843172252116055,20.65988723603815,20.76985796601415,15900
2011-10-05,20.98980712890625,20.98980712890625,20.88716792970878,20.89449950084492,33600
2011-10-06,21.063112258911133,21.063112258911133,20.975136240341328,20.997129545806978,50000
2011-10-07,21.01912498474121,21.07777613195686,21.004461848348885,21.07777613195686,19100
2011-10-10,21.11443328857422,21.121764857018302,21.048450570931188,21.048450570931188,22400
2011-10-11,21.151092529296875,21.158424098225716,21.077778238362246,21.077778238362246,16200
2011-10-12,21.224407196044922,21.231737366749766,21.143761334753485,21.151092903812145,13900
2011-10-13,21.158414840698242,21.180408139508156,21.12175701209308,21.12175701209308,9400
2011-10-14,21.253747940063477,21.253747940063477,21.195096742164306,21.224423040291324,12500
2011-10-17,21.158414840698242,21.231727701202203,21.158414840698242,21.202402836671254,40100
2011-10-18,21.29039764404297,21.29039764404297,21.165763721532294,21.20242018177189,40100
2011-10-19,21.224407196044922,21.305051658982546,21.21707562698626,21.275726781101724,10900
2011-10-20,21.26105499267578,21.28304969090296,21.19507229634749,21.246391860524326,14400
2011-10-21,21.30504608154297,21.34903548437896,21.283052778478424,21.327040782960964,15000
2011-10-24,21.451671600341797,21.451671600341797,21.312374641059126,21.312374641059126,7200
2011-10-25,21.393014907836914,21.43700289467528,21.371020215241284,21.42967133047674,18500
2011-10-26,21.437009811401367,21.480997812432616,21.371027110677822,21.480997812432616,18300
2011-10-27,21.57630157470703,21.59829487074069,21.510318889900045,21.57630157470703,89000
2011-10-28,21.583648681640625,21.598310423436484,21.53965926119102,21.57631711156569,56700
2011-10-31,21.532325744628906,21.57631375989138,21.52499417569286,21.546987484147202,41200
2011-11-01,21.466339111328125,21.48100084817501,21.422349705726855,21.422349705726855,29500
2011-11-02,21.551523208618164,21.551523208618164,21.485436654885042,21.500122866948907,11300
2011-11-03,21.617599487304688,21.624942589846377,21.54416986244142,21.551512964983107,24900
2011-11-04,21.60292625427246,21.60292625427246,21.55152590616955,21.580896933419307,13800
2011-11-07,21.639625549316406,21.639625549316406,21.566197331267453,21.566197331267453,25800
2011-11-08,21.661653518676758,21.661653518676758,21.61759631045474,21.61759631045474,23700
2011-11-09,21.478097915649414,21.595584834938517,21.478097915649414,21.57355551236385,28600
2011-11-10,21.50745391845703,21.529481823652333,21.485424612708247,21.529481823652333,22900
2011-11-11,21.58088493347168,21.588228036339633,21.50011360303152,21.50011360303152,11500
2011-11-14,21.50011444091797,21.558857865597236,21.492771337763845,21.558857865597236,27800
2011-11-15,21.544172286987305,21.558858493723438,21.48542886059652,21.536829183619236,10100
2011-11-16,21.485443115234375,21.52950036411905,21.456070682274795,21.500129331714163,54700
2011-11-17,21.345909118652344,21.419338739467353,21.32388121279531,21.404652535193645,21000
2011-11-18,21.36060333251953,21.39731745641698,21.345917122738932,21.36794643740983,28700
2011-11-21,21.265134811401367,21.309193420940026,21.24310690718546,21.309193420940026,18400
2011-11-22,21.228422164916992,21.257794573297467,21.206392858631638,21.25045147120235,3500
2011-11-23,21.15499496459961,21.19905358221052,21.14765186166446,21.169681170469914,5300
2011-11-25,21.147653579711914,21.19171220090217,21.110939462607156,21.110939462607156,3600
2011-11-28,21.287185668945312,21.287185668945312,21.23578530632864,21.26515634187181,34300
2011-11-29,21.309194564819336,21.323880768787244,21.27982215688352,21.301851462835383,12600
2011-11-30,21.50011444091797,21.50011444091797,21.411998603622205,21.411998603622205,50600
2011-12-01,21.45606231689453,21.514805759355855,21.42669129594094,21.470748527648396,51800
2011-12-02,21.542078018188477,21.54943043171686,21.49061252581927,21.527374593461197,138700
2011-12-05,21.608253479003906,21.74059414934452,21.512674885052252,21.512674885052252,103700
2011-12-06,21.571483612060547,21.578836024205042,21.520018129378307,21.527370541522803,67000
2011-12-07,21.556785583496094,21.593547655807726,21.50532008458948,21.56413799795842,17900
2011-12-08,21.490602493286133,21.556772781821604,21.468546665326866,21.556772781821604,56700
2011-12-09,21.549423217773438,21.55677562884051,21.505310153700027,21.505310153700027,95900
2011-12-12,21.497966766357422,21.52002400881712,21.44650126961441,21.52002400881712,75500
2011-12-13,21.468557357788086,21.527375265521908,21.446500116514326,21.520022851763986,22500
2011-12-14,21.439149856567383,21.439149856567383,21.39503677191773,21.41709261307772,23700
2011-12-15,21.431785583496094,21.475898643737235,21.402377344111635,21.424433173067754,175900
2011-12-16,21.446502685546875,21.497968185687725,21.372979941490076,21.372979941490076,35700
2011-12-19,21.39503288269043,21.49796386227187,21.39503288269043,21.49061144911185,11800
2011-12-20,21.57884979248047,21.586202209316138,21.47591735911125,21.512679443289585,26500
2011-12-21,21.556785583496094,21.556785583496094,21.497967670127156,21.556785583496094,10200
2011-12-22,21.600889205932617,21.60824161717431,21.556776140811525,21.5788333745366,44100
2011-12-23,21.62295150756836,21.62295150756836,21.55678119321343,21.60089426867359,17100
2011-12-27,21.637657165527344,21.637657165527344,21.608247512536764,21.637657165527344,33700
2011-12-28,21.59563446044922,21.61037947140868,21.580888043194008,21.603006262781072,14400
2011-12-29,21.66197967529297,21.66197967529297,21.58825043853846,21.625115056915714,79300
2011-12-30,21.639867782592773,21.66935920464293,21.61037495424716,21.66935920464293,74000
2012-01-03,21.647247314453125,21.71360479132326,21.647247314453125,21.669365535879255,50700
2012-01-04,21.684104919433594,21.684104919433594,21.639867084637444,21.654613498334633,18300
2012-01-05,21.65462303161621,21.698860885887736,21.632503401332432,21.65462303161621,31600
2012-01-06,21.684104919433594,21.706224539979377,21.654613498334633,21.669358505736408,80600
2012-01-09,21.67673110961914,21.713597142836633,21.669357902975644,21.713597142836633,32300
2012-01-10,21.706233978271484,21.76521825241233,21.706233978271484,21.728352202139288,56800
2012-01-11,21.7357234954834,21.76521633310108,21.720977076674554,21.7357234954834,165000
2012-01-12,21.74308967590332,21.779955711007577,21.70622504709451,21.757836089945023,92100
2012-01-13,21.7357234954834,21.75784312369666,21.713605273566035,21.75784312369666,43400
2012-01-17,21.75784683227539,21.82420432192977,21.75784683227539,21.787338268623927,55500
2012-01-18,21.831575393676758,21.83894860361555,21.794709343982806,21.802082553921597,101200
2012-01-19,21.831575393676758,21.868440037074706,21.824202183737967,21.868440037074706,27000
2012-01-20,21.802074432373047,21.861058683614985,21.802074432373047,21.861058683614985,8900
2012-01-23,21.802074432373047,21.831567261141757,21.787328017988692,21.787328017988692,29300
2012-01-24,21.83893585205078,21.83893585205078,21.794696618248942,21.81681623514986,82900
2012-01-25,21.93478012084961,21.956899733119986,21.79469205572699,21.838931280267747,92300
2012-01-26,21.949535369873047,22.008519620056866,21.897924326749134,21.949535369873047,105900
2012-01-27,21.964292526245117,21.97166433061496,21.920053262249212,21.94954610491315,14400
2012-01-30,21.964292526245117,21.979037541280945,21.920053262249212,21.94954610491315,281000
2012-01-31,22.001157760620117,22.001157760620117,21.934800269150927,21.964293112602203,27400
2012-02-01,22.02326774597168,22.08962380207759,22.02326774597168,22.05275917020813,51400
2012-02-02,22.064599990844727,22.079359258597886,22.042462496736235,22.079359258597886,16000
2012-02-03,22.131004333496094,22.131004333496094,22.071968699226996,22.101487220121818,33000
2012-02-06,22.138385772705078,22.138385772705078,22.07197050278531,22.07197050278531,83800
2012-02-07,22.10887908935547,22.15315689802783,22.10887908935547,22.13101799369165,18000
2012-02-08,22.145763397216797,22.1605226575331,22.108865246426046,22.12362450674235,29100
2012-02-09,22.131004333496094,22.17528070731778,22.101487220121818,22.17528070731778,20700
2012-02-10,22.08672523498535,22.08672523498535,22.03506923731241,22.08672523498535,25300
2012-02-13,22.153160095214844,22.153160095214844,22.0941244159863,22.153160095214844,63500
2012-02-14,22.10887908935547,22.138397628470376,22.10887908935547,22.138397628470376,29200
2012-02-15,22.08672523498535,22.175277971704578,22.08672523498535,22.175277971704578,133000
2012-02-16,22.182662963867188,22.190042594964606,22.101489836836993,22.11624769151112,25300
2012-02-17,22.182662963867188,22.190042594964606,22.1457662159008,22.175283332769766,34100
2012-02-21,22.153160095214844,22.219575410287153,22.14578045937107,22.175297595224535,32100
2012-02-22,22.197425842285156,22.197425842285156,22.14576982370855,22.14576982370855,15900
2012-02-23,22.24169921875,22.24169921875,22.167905720781345,22.197422838464657,28900
2012-02-24,22.271211624145508,22.285970882691906,22.241693107052708,22.241693107052708,59700
2012-02-27,22.26383399963379,22.278593259509194,22.197418737714948,22.234315479882973,35600
2012-02-28,22.308115005493164,22.315494636963738,22.278597887131664,22.293355742552023,16400
2012-02-29,22.219562530517578,22.300735662703072,22.219562530517578,22.300735662703072,8500
2012-03-01,22.271211624145508,22.271211624145508,22.23431347777951,22.249072736325907,32000
2012-03-02,22.25349235534668,22.430753412956857,22.216563790106328,22.430753412956857,27500
2012-03-05,22.19440460205078,22.216562585233973,22.172248027601974,22.209176590839576,35600
2012-03-06,22.0393009185791,22.113159446994455,22.0393009185791,22.113159446994455,37300
2012-03-07,22.105775833129883,22.135318402435946,22.061461274803584,22.07623185508941,13100
2012-03-08,22.201786041259766,22.201786041259766,22.17224347847787,22.194400048380768,1800
2012-03-09,22.1870174407959,22.23133199328361,22.172245453721917,22.172245453721917,16900
2012-03-12,22.209192276000977,22.231350274833176,22.19442027677951,22.231350274833176,5600
2012-03-13,22.283035278320312,22.283035278320312,22.216562737050882,22.216562737050882,39000
2012-03-14,22.201786041259766,22.29041654707365,22.18701546423587,22.29041654707365,18100
2012-03-15,22.260873794555664,22.260873794555664,22.209173250305668,22.21655924358912,56400
2012-03-16,22.23133087158203,22.26825942866949,22.23133087158203,22.260873435505168,14000
2012-03-19,22.268268585205078,22.275654581406464,22.21656802053011,22.21656802053011,20300
2012-03-20,22.216569900512695,22.22395589733909,22.179641325115576,22.194411910033512,274500
2012-03-21,22.223949432373047,22.246107416406453,22.194405453661837,22.23872142172865,11000
2012-03-22,22.164859771728516,22.19440233755749,22.1427017908061,22.179631759010125,31300
2012-03-23,22.23872947692871,22.23872947692871,22.150098917426213,22.164870912132457,16700
2012-03-26,22.290414810180664,22.31995737066057,22.260870840966767,22.283028817877188,12200
2012-03-27,22.305198669433594,22.33474124564112,22.305198669433594,22.327355249405553,14100
2012-03-28,22.268268585205078,22.28304057760785,22.231340012932883,22.275654581406464,7100
2012-03-29,22.275638580322266,22.275638580322266,22.19439408920147,22.238710034576663,36500
2012-03-30,22.290414810180664,22.312571378357095,22.260870840966767,22.290414810180664,8200
2012-04-02,22.349506378173828,22.36427836611086,22.260875859285953,22.290419835160012,37000
2012-04-03,22.2481632232666,22.3591448005981,22.225967754524692,22.307353491923887,24900
2012-04-04,22.144559860229492,22.20375007343561,22.122363001074948,22.20375007343561,6700
2012-04-05,22.18895721435547,22.18895721435547,22.14456489715506,22.166760350152103,9000
2012-04-09,22.15935516357422,22.181550608915767,22.11496145047946,22.12236040266192,29600
2012-04-10,22.02617645263672,22.137157910976416,22.02617645263672,22.137157910976416,52400
2012-04-11,22.08536720275879,22.114961600483536,22.08536720275879,22.114961600483536,11400
2012-04-12,22.218549728393555,22.22594868202745,22.144561603260694,22.144561603260694,35700
2012-04-13,22.15935516357422,22.211146417645608,22.15195621139176,22.211146417645608,18100
2012-04-16,22.174148559570312,22.240737708705815,22.1519531173289,22.240737708705815,14800
2012-04-17,22.277746200561523,22.28514515627262,22.18156118752378,22.18156118752378,15700
2012-04-18,22.25554656982422,22.262945524616544,22.225952161861255,22.24074866023957,12300
2012-04-19,22.181556701660156,22.27774169524603,22.166758793230603,22.21855147273404,38600
2012-04-20,22.211158752441406,22.25555107898327,22.211158752441406,22.240753166400445,7900
2012-04-23,22.15935516357422,22.181550608915767,22.107562498297,22.1445572592093,29900
2012-04-24,22.166759490966797,22.203754263205152,22.15936194772539,22.181557399862136,31500
2012-04-25,22.27035140991211,22.277750367006977,22.203762207265054,22.218560121454793,22900
2012-04-26,22.34433364868164,22.35913014774372,22.285143418814137,22.285143418814137,36900
2012-04-27,22.35172462463379,22.36652253055395,22.32952917695953,22.34432708287969,9100
2012-04-30,22.32952880859375,22.3665221615779,22.307331950079682,22.35912320873988,7500
2012-05-01,22.366525650024414,22.410919373976515,22.307335429294458,22.307335429294458,1462900
2012-05-02,22.34726905822754,22.36207872046786,22.325054564867052,22.325054564867052,14000
2012-05-03,22.288043975830078,22.354686079926037,22.280639140671873,22.354686079926037,65000
2012-05-04,22.22880744934082,22.280639884851585,22.19178327231317,22.280639884851585,56000
2012-05-07,22.25840950012207,22.25840950012207,22.21398193171019,22.21398193171019,1900
2012-05-08,22.20659065246582,22.20659065246582,22.14735338765998,22.176972726226797,16800
2012-05-09,22.147354125976562,22.162163795753674,22.088116859195953,22.11773619875018,10000
2012-05-10,22.13254165649414,22.199183749733265,22.117733400918077,22.199183749733265,65100
2012-05-11,22.125131607055664,22.1769654325001,22.080704026144907,22.080704026144907,11000
2012-05-14,22.051074981689453,22.095502540180078,22.051074981689453,22.08809771171054,20900
2012-05-15,22.01405143737793,22.080693483087583,22.01405143737793,22.051075580731435,364700
2012-05-16,21.98444938659668,22.05849631436752,21.97704455258683,22.00666247629856,20000
2012-05-17,21.895580291748047,21.969627177249336,21.873367214726468,21.969627177249336,313500
2012-05-18,21.851163864135742,21.917805953825408,21.836354197020796,21.917805953825408,26900
2012-05-21,21.954833984375,21.954833984375,21.84376427898136,21.84376427898136,9000
2012-05-22,21.91779899597168,21.984441064505674,21.910394164764888,21.96963140209209,40500
2012-05-23,21.932607650756836,21.94001106929636,21.821536600084915,21.91039315815704,29000
2012-05-24,21.910400390625,21.94001831154099,21.814138969911063,21.888185890692352,10800
2012-05-25,21.910400390625,21.925210057246765,21.880781057381466,21.917805223935883,11400
2012-05-29,21.954833984375,21.977048490384902,21.947429149038367,21.947429149038367,16500
2012-05-30,21.932607650756836,21.932607650756836,21.888178665557238,21.917797989023637,11000
2012-05-31,21.947423934936523,21.954828768513973,21.90299634579942,21.954828768513973,7600
2012-06-01,21.7993221282959,21.85855935912033,21.7993221282959,21.85855935912033,15200
2012-06-04,21.814912796020508,21.82974816644753,21.755572729091217,21.82974816644753,30700
2012-06-05,21.85199546813965,21.85199546813965,21.807490780474712,21.807490780474712,19900
2012-06-06,21.926166534423828,21.948419581224265,21.896497220134812,21.896497220134812,19500
2012-06-07,21.94099998474121,22.037427016240642,21.94099998474121,22.037427016240642,13400
2012-06-08,21.963254928588867,21.99292424285469,21.933584199544814,21.955837246327853,30700
2012-06-11,21.90390396118164,22.052253288081207,21.90390396118164,22.015166310050695,10400
2012-06-12,21.992921829223633,21.992921829223633,21.896494799969382,21.95583483676694,24200
2012-06-13,21.955841064453125,22.00034575098035,21.926170330249327,21.941005697351226,32800
2012-06-14,21.978097915649414,22.000350971582833,21.955846274494807,21.963263959805946,7100
2012-06-15,22.09677505493164,22.09677505493164,22.04485126811859,22.067104319609896,10300
2012-06-18,22.09677505493164,22.119026691644414,22.074522003440332,22.08193968727077,8900
2012-06-19,22.200620651245117,22.208038335360307,22.16353223066918,22.16353223066918,32800
2012-06-20,22.178363800048828,22.19319916573811,22.14869448344861,22.178363800048828,13300
2012-06-21,22.01516342163086,22.14126111107894,22.01516342163086,22.14126111107894,17300
2012-06-22,22.067106246948242,22.067106246948242,22.01518387037883,22.03743550903506,8800
2012-06-25,21.992921829223633,22.00033951067059,21.963252518213892,21.970670199660848,25500
2012-06-26,21.992921829223633,22.030010236458402,21.963252518213892,21.963252518213892,89800
2012-06-27,22.037425994873047,22.067096719976558,22.02259204709933,22.037425994873047,910900
2012-06-28,22.081939697265625,22.081939697265625,22.00776427370623,22.052268961930455,6000
2012-06-29,22.215442657470703,22.22285892234662,22.170936579548815,22.17835425920246,25500
2012-07-02,22.28961181640625,22.371204860218384,22.185767153210755,22.230271806754907,21300
2012-07-03,22.311243057250977,22.34850241299033,22.28143443557684,22.29633874641391,3400
2012-07-05,22.326147079467773,22.333599235264398,22.2516283642083,22.31124418922791,12500
2012-07-06,22.25162696838379,22.26652985768881,22.24417481305463,22.25162696838379,6100
2012-07-09,22.266530990600586,22.311243924850505,22.214367321995713,22.311243924850505,23900
2012-07-10,22.221813201904297,22.31123762379586,22.221813201904297,22.281429009381018,13100
2012-07-11,22.236724853515625,22.25162916564568,22.214368385320537,22.214368385320537,7300
2012-07-12,22.19200325012207,22.21435828680125,22.16219463941278,22.206906134123926,119900
2012-07-13,22.29633140563965,22.303783558604657,22.192004106835192,22.192004106835192,71800
2012-07-16,22.288890838623047,22.318699465977858,22.281438681784344,22.311247309139155,4700
2012-07-17,22.326147079467773,22.333599235264398,22.244176208411677,22.29633987763466,12500
2012-07-18,22.370859146118164,22.393214191287136,22.296339012397155,22.296339012397155,31100
2012-07-19,22.385765075683594,22.423024434561384,22.37831291963735,22.408120122468894,44000
2012-07-20,22.33359146118164,22.370852227194693,22.32613930797903,22.33359146118164,9700
2012-07-23,22.273977279663086,22.273977279663086,22.19200643116825,22.25162223977949,13900
2012-07-24,22.214345932006836,22.23670237760498,22.177086610695262,22.19199090776069,5100
2012-07-25,22.221813201904297,22.24416966271543,22.19200600884242,22.214361048300585,9600
2012-07-26,22.341045379638672,22.348497533430105,22.288881724451635,22.29633387824307,7100
2012-07-27,22.400651931762695,22.43046053461031,22.34848829813178,22.37084475026749,20200
2012-07-30,22.44538116455078,22.44538116455078,22.400668227751687,22.423024696151234,26200
2012-07-31,22.430471420288086,22.497539387891404,22.40811495730261,22.497539387891404,33000
2012-08-01,22.400651931762695,22.460267716105513,22.400651931762695,22.460267716105513,20900
2012-08-02,22.352188110351562,22.38947990251616,22.32981445758922,22.374563185650324,33000
2012-08-03,22.46406364440918,22.486437298745265,22.426771849621513,22.44168856753658,16600
2012-08-06,22.538637161254883,22.56101223095228,22.49388844439615,22.508805157527746,9400
2012-08-07,22.52372169494629,22.53863698542547,22.516263338438673,22.531178628917854,4800
2012-08-08,22.52372169494629,22.531178628917854,22.501346625423444,22.531178628917854,5400
2012-08-09,22.486433029174805,22.516266459340372,22.478974671633413,22.50134974425759,10700
2012-08-10,22.5013427734375,22.51625948389915,22.48642606297585,22.48642606297585,26000
2012-08-13,22.5013427734375,22.523717839129976,22.48642606297585,22.5013427734375,6400
2012-08-14,22.508808135986328,22.531181786108238,22.486433063328167,22.486433063328167,9900
2012-08-15,22.419301986694336,22.48642576033254,22.419301986694336,22.464052117476996,33200
2012-08-16,22.471511840820312,22.486428552933713,22.434221483072772,22.471511840820312,11600
2012-08-17,22.478965759277344,22.52371588678337,22.478965759277344,22.508799177614694,22000
2012-08-20,22.486433029174805,22.50134974425759,22.478974671633413,22.493891386716196,51900
2012-08-21,22.4938907623291,22.546097841133427,22.48643240499474,22.538639483799066,11600
2012-08-22,22.54608726501465,22.55354561885038,22.471505149192875,22.486421856864336,8100
2012-08-23,22.538637161254883,22.56101223095228,22.508805157527746,22.54609551782068,9900
2012-08-24,22.54608726501465,22.56100397268611,22.523713626042994,22.531170557343184,6500
2012-08-27,22.54608726501465,22.590837388029033,22.54608726501465,22.56100397268611,8600
2012-08-28,22.598304748535156,22.598304748535156,22.568472741960182,22.568472741960182,10700
2012-08-29,22.575927734375,22.58338609054115,22.538635953544247,22.58338609054115,15400
2012-08-30,22.508808135986328,22.546098501213677,22.50134977843361,22.523724851091767,14200
2012-08-31,22.590839385986328,22.590839385986328,22.546089259014195,22.590839385986328,25500
2012-09-04,22.583389282226562,22.583389282226562,22.523723847000895,22.546097496125405,3800
2012-09-05,22.57219123840332,22.579655758259705,22.542334582689367,22.57219123840332,17700
2012-09-06,22.64682960510254,22.669223159324027,22.594579402296986,22.594579402296986,17800
2012-09-07,22.736400604248047,22.758794158104802,22.66922279010024,22.72893751000702,25600
2012-09-10,22.691621780395508,22.736407477937437,22.691621780395508,22.70655082081337,14000
2012-09-11,22.736400604248047,22.751329640152548,22.72147299205477,22.751329640152548,5700
2012-09-12,22.699077606201172,22.74386328658889,22.699077606201172,22.72893567560039,5000
2012-09-13,22.885696411132812,22.885696411132812,22.75880240737237,22.75880240737237,565400
2012-09-14,22.91555404663086,22.930481663943603,22.885695964581945,22.893160485094175,18400
2012-09-17,22.893157958984375,22.945408173092794,22.848372264564524,22.900622478672943,20300
2012-09-18,22.870759963989258,22.89315351871159,22.84090331473743,22.878224482230035,15000
2012-09-19,22.870759963989258,22.900618036952366,22.870759963989258,22.900618036952366,15900
2012-09-20,22.855844497680664,22.855844497680664,22.81852188664213,22.833450931057545,9400
2012-09-21,22.870759963989258,22.89315351871159,22.84090331473743,22.86329544574848,9000
2012-09-24,22.848365783691406,22.863293395122813,22.81850771340629,22.81850771340629,15100
2012-09-25,22.833423614501953,22.915531836845275,22.833423614501953,22.915531836845275,6200
2012-09-26,22.766267776489258,22.818517999329934,22.721482074584646,22.818517999329934,11000
2012-09-27,22.811050415039062,22.848373014707253,22.76626471914884,22.76626471914884,7100
2012-09-28,22.788654327392578,22.8035819409598,22.766260771474712,22.788654327392578,13600
2012-10-01,22.811050415039062,22.863300630862927,22.796122798883392,22.85583753464089,15400
2012-10-02,22.817028045654297,22.861884188399976,22.794599261305926,22.861884188399976,21100
2012-10-03,22.824493408203125,22.861873271650126,22.824493408203125,22.846920755891173,6000
2012-10-04,22.899269104003906,22.914221630190074,22.764700646182565,22.764700646182565,168400
2012-10-05,22.869365692138672,22.93665063465629,22.854413165812225,22.93665063465629,3500
2012-10-08,22.86189079284668,22.90674694855061,22.839462002018976,22.90674694855061,5100
2012-10-09,22.794605255126953,22.839461409667518,22.794605255126953,22.839461409667518,8600
2012-10-10,22.757232666015625,22.77218377169215,22.749756400201417,22.77218377169215,4900
2012-10-11,22.794605255126953,22.802081518542288,22.764701627417057,22.802081518542288,10500
2012-10-12,22.77964973449707,22.78712599692984,22.75722237315001,22.7721734720643,6200
2012-10-15,22.831985473632812,22.831985473632812,22.764700532083687,22.764700532083687,21700
2012-10-16,22.85440444946289,22.891785751022304,22.846928189151008,22.87683323039854,7700
2012-10-17,22.87683868408203,22.90674230650753,22.87683868408203,22.90674230650753,19700
2012-10-18,22.87683868408203,22.89926604441336,22.854409897799513,22.891791208270377,8700
2012-10-19,22.77217674255371,22.86189047868021,22.764701904998674,22.86189047868021,21500
2012-10-22,22.77964973449707,22.802078521795387,22.749746110717236,22.7721734720643,20100
2012-10-23,22.697416305541992,22.734796196046204,22.674987515668615,22.727319932755076,14800
2012-10-24,22.682458877563477,22.72731502166596,22.682458877563477,22.71236249831476,14100
2012-10-25,22.689945220947266,22.749753914975443,22.674992690952287,22.674992690952287,13600
2012-10-26,22.734798431396484,22.734798431396484,22.66751348111212,22.689942273190763,12400
2012-10-31,22.757232666015625,22.83946873806815,22.71985133694457,22.72732760275878,33800
2012-11-01,22.831985473632812,22.83946031073705,22.75722426902808,22.75722426902808,19600
2012-11-02,22.727325439453125,22.802086664527174,22.727325439453125,22.802086664527174,12300
2012-11-05,22.734798431396484,22.772178325575993,22.734798431396484,22.757227223475127,11600
2012-11-06,22.77964973449707,22.817031046660933,22.764698635582782,22.78712599692984,9100
2012-11-07,22.727325439453125,22.77965786921943,22.66004047948166,22.77965786921943,11500
2012-11-08,22.63759994506836,22.689932344400383,22.63759994506836,22.689932344400383,12800
2012-11-09,22.63759994506836,22.667503562136258,22.488077581876055,22.5852661197854,10600
2012-11-12,22.64507484436035,22.667502199325167,22.63759858405513,22.667502199325167,8800
2012-11-13,22.622652053833008,22.660031939306318,22.585270742408476,22.622652053833008,6100
2012-11-14,22.52545928955078,22.592744215858104,22.517984454139793,22.56284059636099,17700
2012-11-15,22.503028869628906,22.54788500574693,22.480600088594468,22.503028869628906,23000
2012-11-16,22.532941818237305,22.555370608561784,22.473133136656802,22.540418081678798,29300
2012-11-19,22.660032272338867,22.667508534733653,22.615176123921405,22.62265238631619,11900
2012-11-20,22.660032272338867,22.674984797128438,22.630128648710976,22.630128648710976,7100
2012-11-21,22.64507484436035,22.682454719935613,22.63759858405513,22.667502199325167,6000
2012-11-23,22.757232666015625,22.757232666015625,22.734803868572993,22.757232666015625,6700
2012-11-26,22.764698028564453,22.764698028564453,22.719840455163943,22.719840455163943,8600
2012-11-27,22.757232666015625,22.77966003750636,22.72732760275878,22.72732760275878,13700
2012-11-28,22.787134170532227,22.794610435646685,22.689945575947757,22.74227800579722,19600
2012-11-29,22.839452743530273,22.869357785844524,22.80954912716692,22.80954912716692,15300
2012-11-30,22.85440444946289,22.869356970086656,22.846928189151008,22.846928189151008,6900
2012-12-03,22.839452743530273,22.899261402207877,22.831977908902612,22.899261402207877,24200
2012-12-04,22.879167556762695,22.88666172338725,22.84169672363992,22.849190890264474,15200
2012-12-05,22.871681213378906,22.924138968327796,22.864187044190977,22.901656460764006,14900
2012-12-06,22.894163131713867,22.92413980956563,22.894163131713867,22.894163131713867,6000
2012-12-07,22.90915298461914,22.931635494493744,22.90915298461914,22.931635494493744,11900
2012-12-10,22.93913459777832,22.94662876934823,22.90915791149868,22.90915791149868,10400
2012-12-11,22.976598739624023,22.991587079315206,22.931635149917213,22.931635149917213,24900
2012-12-12,22.961606979370117,23.01406473110795,22.946620071278257,23.006571991745286,6600
2012-12-13,22.879167556762695,22.94661362701756,22.879167556762695,22.94661362701756,33700
2012-12-14,22.90915298461914,22.924141324535544,22.894164644702737,22.90915298461914,9500
2012-12-17,22.93913459777832,22.93913459777832,22.90166373992877,22.9241462546385,24100
2012-12-18,22.9691104888916,22.991593004222096,22.901664372267227,22.954122145337937,17900
2012-12-19,22.961606979370117,23.01406473110795,22.961606979370117,22.9915836542869,21600
2012-12-20,23.021556854248047,23.021556854248047,22.961604939108067,22.969099107171367,175600
2012-12-21,22.984094619750977,22.99158879015422,22.931636856295114,22.961612108541242,23400
2012-12-24,22.9691104888916,22.9691104888916,22.94662940292822,22.94662940292822,7000
2012-12-26,22.93163299560547,23.044042673995538,22.91664465732236,23.044042673995538,11400
2012-12-27,22.954940795898438,22.98501530765692,22.902307890646043,22.94742180943381,14000
2012-12-28,22.924875259399414,22.962470208793064,22.909837279641952,22.962470208793064,21700
2012-12-31,22.992542266845703,22.992542266845703,22.894798277112617,22.894798277112617,96100
2013-01-02,23.120349884033203,23.120349884033203,23.060199437633855,23.075237407758635,53500
2013-01-03,23.075239181518555,23.13538963254158,23.06020121023783,23.090275718699406,45900
2013-01-04,23.11283302307129,23.11283302307129,23.052682571144032,23.075239528404214,36700
2013-01-07,23.075239181518555,23.09779470433977,23.045163238957105,23.082758167158918,6800
2013-01-08,23.075239181518555,23.090275718699406,23.045163238957105,23.090275718699406,29400
2013-01-09,23.075239181518555,23.105313689980132,23.075239181518555,23.075239181518555,28700
2013-01-10,23.157955169677734,23.240662613387457,23.097804692643525,23.240662613387457,12800
2013-01-11,23.135398864746094,23.157954396568115,23.105322910182803,23.112841898823625,23900
2013-01-14,23.142911911010742,23.17298642375139,23.13539292430056,23.142911911010742,70700
2013-01-15,23.180509567260742,23.180509567260742,23.097802132717472,23.14291606106853,34000
2013-01-16,23.165462493896484,23.18801944921373,23.14290697267901,23.18801944921373,9600
2013-01-17,23.180509567260742,23.20306653143627,23.157952603085214,23.19554754337776,21000
2013-01-18,23.203062057495117,23.218098596612503,23.165467124451506,23.180505097668952,14400
2013-01-22,23.24065399169922,23.24065399169922,23.20306049528675,23.20306049528675,71000
2013-01-23,23.2481689453125,23.255687930110785,23.218093006119346,23.2481689453125,27800
2013-01-24,23.263214111328125,23.270733098452393,23.233138162831054,23.24065714995532,23200
2013-01-25,23.24065399169922,23.270729936109163,23.233135005596733,23.270729936109163,24300
2013-01-28,23.225610733032227,23.24816768620542,23.20305521395867,23.24816768620542,13700
2013-01-29,23.263214111328125,23.263214111328125,23.157949725688525,23.210582635558403,50700
2013-01-30,23.225610733032227,23.255686670596482,23.225610733032227,23.255686670596482,12400
2013-01-31,23.2105770111084,23.24065151821758,23.195539040503903,23.20305802580615,9200
2013-02-01,23.27824592590332,23.300802882696974,23.2707283744053,23.29328389709909,21500
2013-02-04,23.172975540161133,23.218088005134295,23.142901041545496,23.142901041545496,16400
2013-02-05,23.218103408813477,23.233141385147704,23.180509902078267,23.180509902078267,29900
2013-02-06,23.233135223388672,23.233135223388672,23.188022740450826,23.195541726623794,55600
2013-02-07,23.203062057495117,23.23313656982995,23.157948137842784,23.203062057495117,31200
2013-02-08,23.2481689453125,23.285762435204223,23.203056470622485,23.285762435204223,19600
2013-02-11,23.225610733032227,23.233129717423292,23.180498260785477,23.180498260785477,17700
2013-02-12,23.263214111328125,23.270733098452393,23.203063648434135,23.233138162831054,24700
2013-02-13,23.255714416503906,23.27075240322754,23.22563844305663,23.263233409865723,31500
2013-02-14,23.255714416503906,23.315864929297103,23.22563844305663,23.315864929297103,44400
2013-02-15,23.225610733032227,23.27824218967004,23.218091748641164,23.27824218967004,15300
2013-02-19,23.285764694213867,23.308321650797037,23.26320917173055,23.26320917173055,24000
2013-02-20,23.2105770111084,23.315839937140243,23.2105770111084,23.28576399593125,19500
2013-02-21,23.150434494018555,23.18050901143112,23.142915506140337,23.18050901143112,12800
2013-02-22,23.2481689453125,23.2481689453125,23.18801850102591,23.225611990917635,41600
2013-02-25,23.127870559692383,23.25569044689682,23.127870559692383,23.25569044689682,7200
2013-02-26,23.19554328918457,23.203062275864056,23.135392829848765,23.135392829848765,15700
2013-02-27,23.27824592590332,23.285764911501204,23.203058938124197,23.2180954752201,11200
2013-02-28,23.270740509033203,23.308334022526065,23.248183540477118,23.248183540477118,32000
2013-03-01,23.293283462524414,23.300802447982022,23.19553951977521,23.210577490690422,19400
2013-03-04,23.302316665649414,23.309843426212222,23.25715753785537,23.279737819543787,12200
2013-03-05,23.36252784729004,23.392633450217765,23.339947568407286,23.339947568407286,44300
2013-03-06,23.37759017944336,23.4076972311523,23.355011326244895,23.4076972311523,32700
2013-03-07,23.385112762451172,23.392639524033054,23.309846582215346,23.309846582215346,25300
2013-03-08,23.392641067504883,23.392641067504883,23.339955168538427,23.392641067504883,14600
2013-03-11,23.392641067504883,23.40016782958339,23.355008692695435,23.355008692695435,23600
2013-03-12,23.37759017944336,23.415223994079536,23.25716484377408,23.25716484377408,25400
2013-03-13,23.392641067504883,23.40016782958339,23.355008692695435,23.392641067504883,14700
2013-03-14,23.44533348083496,23.44533348083496,23.40770109556923,23.415227859739073,40600
2013-03-15,23.44533348083496,23.460387009174642,23.43027995249528,23.43027995249528,11500
2013-03-18,23.422739028930664,23.452844629982092,23.407685510613693,23.407685510613693,37700
2013-03-19,23.392641067504883,23.452853728549844,23.37006078126937,23.4227481158189,18800
2013-03-20,23.460378646850586,23.460378646850586,23.430271600902714,23.44532512387665,22500
2013-03-21,23.37759017944336,23.437802847278,23.37759017944336,23.42275075700677,13900
2013-03-22,23.44533348083496,23.482967301684166,23.422754623908915,23.482967301684166,14400
2013-03-25,23.4077091217041,23.47544858687599,23.370075287950844,23.467921820125337,12000
2013-03-26,23.452852249145508,23.452852249145508,23.392639591898757,23.392639591898757,5100
2013-03-27,23.43779945373535,23.467906501085114,23.3851135564563,23.430272691897912,15000
2013-03-28,23.475431442260742,23.498010290438902,23.430270874738575,23.430270874738575,28000
2013-04-01,23.43779945373535,23.482960024759993,23.415220603806063,23.475433262922554,16200
2013-04-02,23.4702205657959,23.49284517851489,23.455136531654794,23.462678548725346,47300
2013-04-03,23.43251609802246,23.462684173537,23.424974079143826,23.462684173537,8600
2013-04-04,23.4777774810791,23.485319503397676,23.44006880797992,23.462694874935632,12600
2013-04-05,23.500398635864258,23.500398635864258,23.417437846194524,23.440063908420825,16400
2013-04-08,23.583354949951172,23.583354949951172,23.462685517964612,23.485310137403903,11400
2013-04-09,23.530559539794922,23.560726175066286,23.500391466030624,23.500391466030624,27300
2013-04-10,23.62106704711914,23.63615108793689,23.56073232234143,23.56073232234143,22500
2013-04-11,23.605987548828125,23.68140632893651,23.605987548828125,23.651239679989306,105900
2013-04-12,23.658761978149414,23.658761978149414,23.61350988471374,23.651219962576803,48300
2013-04-15,23.492870330810547,23.62862390643773,23.492870330810547,23.62862390643773,15000
2013-04-16,23.613529205322266,23.613529205322266,23.53811042638082,23.54565244812432,21700
2013-04-17,23.4777774810791,23.553196265771145,23.470236897254203,23.553196265771145,18900
2013-04-18,23.44761085510254,23.485319528241615,23.41744276579634,23.485319528241615,20900
2013-04-19,23.52302360534668,23.52302360534668,23.447604839922565,23.48531350338797,47100
2013-04-22,23.568279266357422,23.568279266357422,23.48531846302189,23.500402506990824,22600
2013-04-23,23.643695831298828,23.643695831298828,23.62106976746644,23.62106976746644,15200
2013-04-24,23.681406021118164,23.69649006464249,23.628613307276584,23.628613307276584,21600
2013-04-25,23.711566925048828,23.741733564465314,23.68139884713921,23.704024905571423,23400
2013-04-26,23.711566925048828,23.726649525510506,23.688940866616615,23.726649525510506,16600
2013-04-29,23.786998748779297,23.802081357526646,23.74174660705549,23.74174660705549,19600
2013-04-30,23.81715202331543,23.81715202331543,23.75681730674279,23.80961000393221,27100
2013-05-01,23.764360427856445,23.809611107760496,23.764360427856445,23.79452706829475,12300
2013-05-02,23.798336029052734,23.820985807599694,23.745484625652846,23.798336029052734,17800
2013-05-03,23.85118293762207,23.881383116690944,23.843632532831737,23.86628374720274,17500
2013-05-06,23.836090087890625,23.858741309825803,23.828539680578903,23.858741309825803,16900
2013-05-07,23.888946533203125,23.888946533203125,23.85119592878209,23.88139612430027,16500
2013-05-08,23.949344635009766,23.949344635009766,23.89649322101289,23.904043628740016,28000
2013-05-09,23.858734130859375,23.934236741165346,23.858734130859375,23.934236741165346,15900
2013-05-10,23.873836517333984,23.881385482779784,23.828534084103566,23.85873570625718,10300
2013-05-13,23.85118293762207,23.858733342412403,23.783230734601528,23.85118293762207,15200
2013-05-14,23.873836517333984,23.904036699394993,23.851185300718775,23.851185300718775,17000
2013-05-15,23.919139862060547,23.919139862060547,23.858738051907576,23.888938236937687,32400
2013-05-16,23.888946533203125,23.956898773235583,23.888946533203125,23.91914816881455,23800
2013-05-17,23.956899642944336,23.956899642944336,23.91159862797588,23.93424985550676,28100
2013-05-20,23.949344635009766,23.97954626591828,23.93424525964853,23.964445450464023,32000
2013-05-21,23.994653701782227,24.002204111592604,23.93425186339264,23.956901652730345,44000
2013-05-22,23.86629867553711,24.07015397201746,23.8511978565109,24.009752136005993,32300
2013-05-23,23.79079818725586,23.81344941785814,23.66244409402992,23.768146956653577,36800
2013-05-24,23.760587692260742,23.836090326039404,23.737937910192215,23.836090326039404,19600
2013-05-28,23.7530460357666,23.866300748205404,23.74549706569127,23.851199927867764,67700
2013-05-29,23.692630767822266,23.715281985492208,23.639779366685072,23.70773157960223,21000
2013-05-30,23.730388641357422,23.753038424512653,23.692636602610317,23.692636602610317,40400
2013-05-31,23.58693504333496,23.669988092954,23.579384635179313,23.59448545149061,24300
2013-06-03,23.58693504333496,23.58693504333496,23.481232209342078,23.57183422702366,25300
2013-06-04,23.57407569885254,23.626982979276622,23.52872536567595,23.61186620155109,29800
2013-06-05,23.422916412353516,23.551406170550862,23.422916412353516,23.551406170550862,46100
2013-06-06,23.48338508605957,23.48338508605957,23.400244219694592,23.400244219694592,18200
2013-06-07,23.566526412963867,23.57408480474619,23.528734454052252,23.536292845834573,4300
2013-06-10,23.551410675048828,23.574085851402543,23.513620156075195,23.574085851402543,20100
2013-06-11,23.46070098876953,23.490933100336857,23.392676935724097,23.400233882404557,14400
2013-06-12,23.392683029174805,23.521172780439745,23.377566248645863,23.521172780439745,21500
2013-06-13,23.57407569885254,23.57407569885254,23.392678690991993,23.392678690991993,14700
2013-06-14,23.498502731323242,23.574085208826194,23.490944339411364,23.566526816914315,62100
2013-06-17,23.589187622070312,23.65721167037818,23.5513971248393,23.604304397608743,47200
2013-06-18,23.634550094604492,23.642108486258003,23.574084402992202,23.589199744683423,20700
2013-06-19,23.43047332763672,23.687452827849718,23.40779815704774,23.596753587109326,19900
2013-06-20,23.120588302612305,23.279310184004874,23.113029911838996,23.279310184004874,37800
2013-06-21,23.090360641479492,23.24908400505783,23.029894941453456,23.24908400505783,22500
2013-06-24,22.93163299560547,23.01477385299467,22.833375356579023,22.939191386424092,76000
2013-06-25,23.037456512451172,23.037456512451172,22.984549197831196,23.0147827728233,18400
2013-06-26,23.13570213317871,23.158375860990944,23.105468573941796,23.12058535356025,29000
2013-06-27,23.249073028564453,23.2793051434961,23.22639786115423,23.249073028564453,44500
2013-06-28,23.249073028564453,23.27174819597468,23.1810489679491,23.188607357085843,13000
2013-07-01,23.30198860168457,23.332222168988555,23.28687181803258,23.28687181803258,34800
2013-07-02,23.292118072509766,23.352833863853117,23.261759453048764,23.322475244392116,11800
2013-07-03,23.292118072509766,23.292118072509766,23.254169798183515,23.254169798183515,15300
2013-07-05,23.185874938964844,23.216233572288015,23.178286728213365,23.216233572288015,13000
2013-07-08,23.322473526000977,23.33006318030702,23.269347393437187,23.29211635635533,29000
2013-07-09,23.390775680541992,23.390775680541992,23.337649555442948,23.3528288619222,15100
2013-07-10,23.36801528930664,23.398372463937505,23.36042563375423,23.390782808385094,51100
2013-07-11,23.572933197021484,23.572933197021484,23.504627735941153,23.504627735941153,19600
2013-07-12,23.54258155822754,23.595707718773347,23.534991899923952,23.595707718773347,17900
2013-07-15,23.60328483581543,23.6184641443573,23.56533656446075,23.60328483581543,42000
2013-07-16,23.626060485839844,23.648829456492333,23.565344678345575,23.648829456492333,17600
2013-07-17,23.67917823791504,23.7323043664346,23.641229969273613,23.7323043664346,19100
2013-07-18,23.686765670776367,23.717124284698407,23.671587811393735,23.679177464874243,18800
2013-07-19,23.717130661010742,23.732309972052697,23.694361694447814,23.717130661010742,22900
2013-07-22,23.777847290039062,23.777847290039062,23.717131491324423,23.717131491324423,5200
2013-07-23,23.770254135131836,23.777843789801278,23.747486618702126,23.755074825792953,15700
2013-07-24,23.694368362426758,23.724726993054073,23.648831864064967,23.724726993054073,15200
2013-07-25,23.664012908935547,23.686780435990887,23.603297090822494,23.603297090822494,22200
2013-07-26,23.694368362426758,23.694368362426758,23.61847468101683,23.671600837035452,11700
2013-07-29,23.61847496032715,23.656421801480867,23.610885302580563,23.656421801480867,18300
2013-07-30,23.648828506469727,23.694364998366375,23.610881671152352,23.694364998366375,23200
2013-07-31,23.67917823791504,23.7323043664346,23.58810384075405,23.7323043664346,18600
2013-08-01,23.709548950195312,23.739907582451927,23.679191765517956,23.739907582451927,21800
2013-08-02,23.756635665893555,23.764233100835785,23.7034550703605,23.741440796009098,16000
2013-08-05,23.72626304626465,23.75665280796188,23.711068165416034,23.75665280796188,26800
2013-08-06,23.68828010559082,23.741460745811235,23.68068266426451,23.741460745811235,37400
2013-08-07,23.741451263427734,23.741451263427734,23.65028345298837,23.703465521031525,26800
2013-08-08,23.741451263427734,23.756646140011494,23.695868082739647,23.703465521031525,17700
2013-08-09,23.718660354614258,23.741452670841042,23.703466926193006,23.73385523209878,14800
2013-08-12,23.703458786010742,23.741444517613814,23.703458786010742,23.703458786010742,10100
2013-08-13,23.711055755615234,23.726250628511217,23.657875149542136,23.695862331782088,25200
2013-08-14,23.66547966003418,23.703466853629198,23.66547966003418,23.680674537472186,8100
2013-08-15,23.536319732666016,23.566709479320707,23.498333998410533,23.55151460599336,128000
2013-08-16,23.51353645324707,23.551522199750362,23.467951818567105,23.51353645324707,17300
2013-08-19,23.41476058959961,23.490733497262408,23.399565718254514,23.460343754572214,27500
2013-08-20,23.49074363708496,23.498341076036958,23.40717325767631,23.40717325767631,44700
2013-08-21,23.353979110717773,23.46034029632958,23.353979110717773,23.452744310839428,45300
2013-08-22,23.46794319152832,23.55911097831076,23.376776853808693,23.38437429012913,18900
2013-08-23,23.543920516967773,23.543920516967773,23.4755450263355,23.490739901823357,20400
2013-08-26,23.49834442138672,23.55912249259207,23.49834442138672,23.521135292424027,17400
2013-08-27,23.399574279785156,23.445158910499135,23.399574279785156,23.437561472046806,14700
2013-08-28,23.391977310180664,23.43756048992131,23.384379872046697,23.399573299251475,14900
2013-08-29,23.4223575592041,23.460343287748298,23.391969266181274,23.391969266181274,23700
2013-08-30,23.361581802368164,23.475540448176915,23.353984366105877,23.475540448176915,16400
2013-09-03,23.407163619995117,23.483136529170636,23.376775325762537,23.483136529170636,3200
2013-09-04,23.430734634399414,23.46876006660894,23.339476498140392,23.339476498140392,11200
2013-09-05,23.377504348754883,23.43834359983697,23.377504348754883,23.43834359983697,11800
2013-09-06,23.461162567138672,23.483976383320094,23.438347300434856,23.4535574782374,9900
2013-09-09,23.560033798217773,23.560033798217773,23.50679960840847,23.522009791360524,18700
2013-09-10,23.613264083862305,23.613264083862305,23.57524008329186,23.57524008329186,34200
2013-09-11,23.68931770324707,23.68931770324707,23.59805950561366,23.636083512873764,24200
2013-09-12,23.613264083862305,23.712128806181692,23.613264083862305,23.681708445307223,21000
2013-09-13,23.674097061157227,23.681702149353978,23.636073070695737,23.658888335285983,25000
2013-09-16,23.666492462158203,23.833800044123947,23.666492462158203,23.833800044123947,19600
2013-09-17,23.788175582885742,23.788175582885742,23.734939957341716,23.734939957341716,16900
2013-09-18,24.016321182250977,24.016321182250977,23.75014887080086,23.795779404550526,7200
2013-09-19,23.978302001953125,24.046746365796363,23.955486730497817,24.046746365796363,33100
2013-09-20,23.909849166870117,24.00110731931328,23.909849166870117,23.993502231522655,24500
2013-09-23,23.894649505615234,23.932673510777835,23.87183423220398,23.932673510777835,18100
2013-09-24,23.91745948791504,23.94787839521117,23.871828951187094,23.932668216301856,10800
2013-09-25,23.909849166870117,23.940268067510445,23.89463899128886,23.89463899128886,9800
2013-09-26,23.91745948791504,23.94787839521117,23.89464421955107,23.89464421955107,19100
2013-09-27,23.909849166870117,23.92505789192919,23.87182372791698,23.87182372791698,25800
2013-09-30,23.85662078857422,23.879434606956735,23.83380551966917,23.841410609304184,19000
2013-10-01,23.887046813964844,23.917467181568945,23.84141771308165,23.84141771308165,9300
2013-10-02,23.899980545043945,23.915216915877917,23.861885985061825,23.899980545043945,6800
2013-10-03,23.884761810302734,23.884761810302734,23.83904975494894,23.861905056045817,21700
2013-10-04,23.907604217529297,23.907604217529297,23.877130014782153,23.877130014782153,8900
2013-10-07,23.85428810119629,23.88476377604703,23.83905171693108,23.85428810119629,16700
2013-10-08,23.7552433013916,23.816193193409873,23.7552433013916,23.808574275262583,16300
2013-10-09,23.77046775817871,23.77046775817871,23.709517900466835,23.762848844319823,13600
2013-10-10,23.899980545043945,23.907598003881493,23.80093614224931,23.80093614224931,30900
2013-10-11,23.953325271606445,23.9685616512157,23.922849606068507,23.922849606068507,13000
2013-10-14,23.96856689453125,23.98380473063362,23.938092675486548,23.938092675486548,14000
2013-10-15,23.9228458404541,23.999033539146783,23.9228458404541,23.999033539146783,7400
2013-10-16,24.03713035583496,24.059987104903136,23.945706265881675,23.945706265881675,10800
2013-10-17,24.151403427124023,24.166639800859254,24.059977918916857,24.059977918916857,26400
2013-10-18,24.174259185791016,24.24282795499394,24.174259185791016,24.197115926578384,104000
2013-10-21,24.174259185791016,24.227590127802358,24.174259185791016,24.219972667365752,79500
2013-10-22,24.273303985595703,24.326634928433634,24.273303985595703,24.326634928433634,193800
2013-10-23,24.273303985595703,24.28092289930958,24.227590503312438,24.227590503312438,19300
2013-10-24,24.280935287475586,24.311409504719876,24.273316369874525,24.311409504719876,23300
2013-10-25,24.31140899658203,24.319027914023845,24.28093477997469,24.319027914023845,21100
2013-10-28,24.265697479248047,24.326647366964327,24.265697479248047,24.296171696526212,26400
2013-10-29,24.357118606567383,24.357118606567383,24.30378764298038,24.30378764298038,32800
2013-10-30,24.242847442626953,24.37998509127101,24.242847442626953,24.37998509127101,50100
2013-10-31,24.25046157836914,24.311411470947093,24.235223741934636,24.311411470947093,24500
2013-11-01,24.212356567382812,24.258068601110363,24.16664308049591,24.258068601110363,18600
2013-11-04,24.280242919921875,24.280242919921875,24.226863221853176,24.27261704098525,14600
2013-11-05,24.18109130859375,24.226846550728133,24.158215142013244,24.226846550728133,12900
2013-11-06,24.24972915649414,24.264980907922165,24.219227108125168,24.219227108125168,24300
2013-11-07,24.16584014892578,24.264973594354537,24.15821427551024,24.257347720938995,75700
2013-11-08,24.18109130859375,24.18109130859375,24.09720960698742,24.104835480676485,18000
2013-11-11,24.18109130859375,24.188717182282815,24.150589268324183,24.188717182282815,16400
2013-11-12,24.142961502075195,24.173464994440288,24.120083882801374,24.173464994440288,3900
2013-11-13,24.20397186279297,24.22684948663256,24.120088696534665,24.13534044576106,29000
2013-11-14,24.280242919921875,24.310744981180694,24.211611463979924,24.211611463979924,45400
2013-11-15,24.36411476135254,24.36411476135254,24.29548333744553,24.318359509089863,20600
2013-11-18,24.280242919921875,24.40225407393252,24.280242919921875,24.40225407393252,35900
2013-11-19,24.303112030029297,24.348865833108732,24.287860277507097,24.34123995684763,46400
2013-11-20,24.23447036743164,24.325977934960008,24.211592748306266,24.325977934960008,17900
2013-11-21,24.287860870361328,24.3183629216631,24.24210706616507,24.249731488125104,19200
2013-11-22,24.36411476135254,24.36411476135254,24.310733633712747,24.325985384466975,16700
2013-11-25,24.356489181518555,24.37173947797082,24.32598567963997,24.37173947797082,22500
2013-11-26,24.37175178527832,24.387003543919484,24.333623843163174,24.348875601804338,19400
2013-11-27,24.386987686157227,24.394613560519044,24.356485643196766,24.394613560519044,16500
2013-11-29,24.402238845825195,24.417490594180663,24.402238845825195,24.402238845825195,7100
2013-12-02,24.318355560302734,24.356484930996896,24.318355560302734,24.333607308580397,11200
2013-12-03,24.27103614807129,24.316831605147367,24.25577245147765,24.263405027656997,71300
2013-12-04,24.217607498168945,24.2634029513261,24.171813500776725,24.202342347116563,29900
2013-12-05,24.194713592529297,24.232875018125828,24.187081016256975,24.232875018125828,10400
2013-12-06,24.27103614807129,24.286301300429983,24.263405027656997,24.27103614807129,4600
2013-12-09,24.301578521728516,24.324476261638303,24.278680781818725,24.278680781818725,20100
2013-12-10,24.370256423950195,24.370256423950195,24.278666972172676,24.3320935458075,18300
2013-12-11,24.20234489440918,24.301566930927848,24.194713773844743,24.301566930927848,39800
2013-12-12,24.156551361083984,24.187081666994665,24.118389934460744,24.179449090516993,19900
2013-12-13,24.156551361083984,24.179449090516993,24.118389934460744,24.126022510938412,13800
2013-12-16,24.22525405883789,24.23288663877034,24.20235631904054,24.23288663877034,8500
2013-12-17,24.217607498168945,24.217607498168945,24.164180925250534,24.187078651829108,36600
2013-12-18,24.2939453125,24.32447563158893,24.17945952744801,24.23288613008789,13500
2013-12-19,24.278675079345703,24.30157281387737,24.24814622240225,24.24814622240225,24200
2013-12-20,24.3397274017334,24.362625129823464,24.293933401318295,24.293933401318295,23800
2013-12-23,24.416044235229492,24.43894195631311,24.385515396215922,24.408411661534956,26500
2013-12-24,24.393171310424805,24.41606905478456,24.393171310424805,24.41606905478456,29200
2013-12-26,24.423690795898438,24.446587074329727,24.4084256397673,24.423690795898438,10300
2013-12-27,24.441295623779297,24.471913461994458,24.433640799223383,24.44895044833521,36700
2013-12-30,24.487218856811523,24.494873680037525,24.456601023915763,24.494873680037525,17300
2013-12-31,24.502527236938477,24.53314653008451,24.479564227087202,24.49487387366022,67000
2014-01-02,24.38770866394043,24.43363614251428,24.380053840843416,24.42598131941727,21000
2014-01-03,24.43363380432129,24.448943449050244,24.387706330142496,24.441288626685765,21500
2014-01-06,24.40301513671875,24.441289249516473,24.40301513671875,24.433634426956928,38800
2014-01-07,24.479568481445312,24.479568481445312,24.441295818369532,24.441295818369532,28800
2014-01-08,24.448949813842773,24.471912826906088,24.425985340770996,24.471912826906088,16900
2014-01-09,24.47190284729004,24.4872124897613,24.418320558648492,24.4872124897613,36400
2014-01-10,24.556127548217773,24.563780916198564,24.4872340963083,24.52550823625801,35500
2014-01-13,24.479568481445312,24.563770092222246,24.456605467603246,24.563770092222246,63900
2014-01-14,24.517845153808594,24.548464457283057,24.494882136211494,24.494882136211494,22100
2014-01-15,24.579078674316406,24.586732038592473,24.54080601290229,24.54080601290229,34500
2014-01-16,24.58672332763672,24.594379609217093,24.540797318217898,24.594379609217093,13500
2014-01-17,24.5714168548584,24.632655435339373,24.54845384718615,24.632655435339373,35300
2014-01-21,24.602039337158203,24.632658631371477,24.548457032293285,24.632658631371477,53800
2014-01-22,24.5714168548584,24.61734579021913,24.563763492306393,24.61734579021913,28000
2014-01-23,24.548463821411133,24.5867364897541,24.51784451872979,24.5867364897541,117600
2014-01-24,24.341772079467773,24.502518933988856,24.341772079467773,24.502518933988856,22200
2014-01-27,24.288204193115234,24.372405810642196,24.265241177432337,24.349441334950672,75000
2014-01-28,24.37239646911621,24.3877061137093,24.295849706158833,24.295849706158833,25300
2014-01-29,24.326473236083984,24.364745894230563,24.303508765191044,24.3494362469686,32600
2014-01-30,24.37239646911621,24.403014298294323,24.334123817641554,24.349432002226578,22400
2014-01-31,24.334142684936523,24.3571057096223,24.280558887314914,24.288213715546572,9800
2014-02-03,24.18103790283203,24.334131476933774,24.150418604008273,24.334131476933774,25100
2014-02-04,24.207860946655273,24.230850894332093,24.169545828821967,24.177207683086184,54800
2014-02-05,24.200199127197266,24.238514247399813,24.138894057896305,24.192535810831128,199200
2014-02-06,24.315143585205078,24.315143585205078,24.238511890622952,24.253838521864978,11200
2014-02-07,24.430084228515625,24.430084228515625,24.35345401490797,24.36111732859426,19700
2014-02-10,24.430084228515625,24.430084228515625,24.39943243539809,24.430084228515625,5600
2014-02-11,24.568029403686523,24.568029403686523,24.399439377873733,24.399439377873733,19900
2014-02-12,24.49905014038086,24.545028556273554,24.483724976168286,24.483724976168286,18200
2014-02-13,24.568029403686523,24.59101788965878,24.422429325474035,24.48373439078013,24200
2014-02-14,24.598661422729492,24.61398804304771,24.545019713242695,24.545019713242695,11800
2014-02-18,24.682966232299805,24.682966232299805,24.629324501386176,24.66763960585947,35000
2014-02-19,24.575685501098633,24.705960378688896,24.575685501098633,24.629327237972443,22700
2014-02-20,24.644655227661133,24.652317080528366,24.575686858833734,24.598675340691006,11100
2014-02-21,24.65998077392578,24.69063403056,24.65998077392578,24.68296925477372,51900
2014-02-24,24.690635681152344,24.759604051562206,24.63699394008419,24.63699394008419,17600
2014-02-25,24.69829750061035,24.7366126122847,24.69063564757774,24.69063564757774,16000
2014-02-26,24.751934051513672,24.759598826194743,24.7136189478734,24.751934051513672,23400
2014-02-27,24.805574417114258,24.805574417114258,24.728944214047882,24.75959746457638,21800
2014-02-28,24.797903060913086,24.851544767149306,24.767249822134172,24.81322968030254,23200
2014-03-03,24.736616134643555,24.75194276614685,24.698301017513344,24.74428091202323,11400
2014-03-04,24.857797622680664,24.87313755892846,24.834789181205814,24.850129117453605,12900
2014-03-05,24.85012435913086,24.865461366648233,24.827112996268564,24.857792862889546,23000
2014-03-06,24.88080406188965,24.911483931916298,24.87313555727971,24.911483931916298,17800
2014-03-07,24.88080406188965,24.888475492293033,24.78876737760315,24.888475492293033,41000
2014-03-10,24.804094314575195,24.811762815166627,24.75040603305945,24.811762815166627,23400
2014-03-11,24.727401733398438,24.81943838481943,24.719730305734455,24.7887585257483,20700
2014-03-12,24.742748260498047,24.750419691114722,24.666051509092433,24.666051509092433,20600
2014-03-13,24.650711059570312,24.788767549856114,24.620031189330476,24.788767549856114,18700
2014-03-14,24.650711059570312,24.68139092981015,24.627702619787165,24.658382490027,19400
2014-03-17,24.71207046508789,24.75041883947116,24.704399034735186,24.719738969647178,26100
2014-03-18,24.811771392822266,24.811771392822266,24.735074657225557,24.758083092745984,22900
2014-03-19,24.650711059570312,24.81177598963926,24.650711059570312,24.81177598963926,37700
2014-03-20,24.666061401367188,24.696741284550946,24.620041576591547,24.643052951876715,48700
2014-03-21,24.650711059570312,24.74274774449636,24.650711059570312,24.74274774449636,12900
2014-03-24,24.658370971679688,24.773416042649355,24.635359616852075,24.742736186740608,17000
2014-03-25,24.727401733398438,24.750410164805587,24.696721874327306,24.750410164805587,21500
2014-03-26,24.71207046508789,24.788767213854427,24.704399034735186,24.75041883947116,35100
2014-03-27,24.70439338684082,24.727404746844684,24.673713524030838,24.673713524030838,10900
2014-03-28,24.765750885009766,24.804099247176786,24.735071024959154,24.75807945710087,18700
2014-03-31,24.842453002929688,24.842453002929688,24.781096195299675,24.83478449914836,41500
2014-04-01,24.919166564941406,24.919166564941406,24.827126913484264,24.827126913484264,10500
2014-04-02,24.884586334228516,24.892270774711506,24.815441023658277,24.815441023658277,20600
2014-04-03,24.876901626586914,24.907630592302677,24.83848822137599,24.907630592302677,25800
2014-04-04,24.83847999572754,24.93835423005004,24.81542961563051,24.89225933136396,15600
2014-04-07,24.784700393676758,24.838482665848723,24.74628699705761,24.838482665848723,25900
2014-04-08,24.81543731689453,24.81543731689453,24.738610508072508,24.761657964568137,13800
2014-04-09,24.869213104248047,24.915310941386124,24.800067813918165,24.87689754248163,32400
2014-04-10,24.769338607788086,24.930676640040822,24.769338607788086,24.930676640040822,9400
2014-04-11,24.67713737487793,24.777014533141966,24.67713737487793,24.76164859104336,25000
2014-04-14,24.730928421020508,24.86153752534671,24.677149063578888,24.86153752534671,19700
2014-04-15,24.769338607788086,24.769338607788086,24.669461427022583,24.738606716667245,32200
2014-04-16,24.853845596313477,24.853845596313477,24.77701880333354,24.823116637574078,21700
2014-04-17,24.83847999572754,24.88457489441362,24.83847999572754,24.88457489441362,17400
2014-04-21,24.884586334228516,24.90763379416682,24.869220384017872,24.90763379416682,19100
2014-04-22,24.938358306884766,24.938358306884766,24.853847071139366,24.853847071139366,24200
2014-04-23,24.930679321289062,24.94604526850206,24.899947426863065,24.94604526850206,11700
2014-04-24,24.938358306884766,25.038235488288823,24.89226340066325,25.038235488288823,11000
2014-04-25,24.83847999572754,24.89994083756031,24.83847999572754,24.88457489441362,8200
2014-04-28,24.892263412475586,24.992137663172574,24.800067738479875,24.992137663172574,30300
2014-04-29,24.922996520996094,24.930680960485226,24.88458311581529,24.922996520996094,10300
2014-04-30,24.94603157043457,24.96907901322115,24.892252250097116,24.938347135670274,26100
2014-05-01,24.99213981628418,25.022871710263683,24.95372641418716,24.992139816284176,9600
2014-05-02,25.011363983154297,25.0190537634608,24.934451510535084,24.934451510535084,18200
2014-05-05,25.003673553466797,25.003673553466797,24.942146503660677,24.942146503660677,9000
2014-05-06,24.9344539642334,25.011366444421256,24.9344539642334,25.011366444421256,8500
2014-05-07,24.972902297973633,24.98828478823755,24.93444460535882,24.972902297973633,9800
2014-05-08,25.003673553466797,25.057513756174924,24.957528999589982,25.011366268387004,17900
2014-05-09,24.995986938476562,24.995986938476562,24.949839444843548,24.957532160738122,11000
2014-05-12,25.04983139038086,25.065213892665316,24.995994099341416,24.995994099341416,12400
2014-05-13,25.057510375976562,25.095965143656823,25.049817662094085,25.049817662094085,22100
2014-05-14,25.04983139038086,25.103668681420302,25.04983139038086,25.057524108479246,21400
2014-05-15,25.011363983154297,25.07289102733883,24.995981488630456,25.07289102733883,14600
2014-05-16,25.057510375976562,25.065200155948332,24.995980400559585,25.057510375976562,6200
2014-05-19,25.072900772094727,25.10366577309944,25.057521205504347,25.065210988799535,15100
2014-05-20,25.0190486907959,25.080578656415938,24.995976420643505,25.080578656415938,12600
2014-05-21,25.057510375976562,25.0728899359201,25.0190526743856,25.0190526743856,10500
2014-05-22,25.09597396850586,25.11135646776927,25.072898752654876,25.103663751181692,27600
2014-05-23,25.17287254333496,25.17287254333496,25.07288780872049,25.07288780872049,10100
2014-05-27,25.203643798828125,25.21902629520431,25.149806528467074,25.21133358006062,22100
2014-05-28,25.234411239624023,25.249793737492496,25.195953527997105,25.242101021602522,15600
2014-05-29,25.24979591369629,25.442072752756744,25.242103197143305,25.442072752756744,30400
2014-05-30,25.27286720275879,25.27286720275879,25.219029924649647,25.219029924649647,13100
2014-06-02,25.242090225219727,25.295927477776722,25.234400446530252,25.295927477776722,12300
2014-06-03,25.212060928344727,25.235162058846694,25.181257462621993,25.235162058846694,59400
2014-06-04,25.212060928344727,25.22745972362592,25.173555127401222,25.212060928344727,22100
2014-06-05,25.312185287475586,25.312185287475586,25.204376020482357,25.204376020482357,146500
2014-06-06,25.358379364013672,25.366078763591343,25.312174153804907,25.312174153804907,32500
2014-06-09,25.358379364013672,25.381480500327598,25.327575890541162,25.358379364013672,20000
2014-06-10,25.335290908813477,25.335290908813477,25.258282186586904,25.258282186586904,27200
2014-06-11,25.304481506347656,25.335284988039614,25.28138036386954,25.335284988039614,23400
2014-06-12,25.296768188476562,25.342973390961696,25.265967657733565,25.342973390961696,13600
2014-06-13,25.304481506347656,25.304481506347656,25.242874542963744,25.250576882177583,14300
2014-06-16,25.304481506347656,25.37378787136371,25.26597862302356,25.37378787136371,14000
2014-06-17,25.304481506347656,25.312180907979798,25.273678024655702,25.28907976550168,22000
2014-06-18,25.41228485107422,25.41228485107422,25.296773290355112,25.335279102315493,19300
2014-06-19,25.41228485107422,25.527796411793325,25.38148137653832,25.527796411793325,15900
2014-06-20,25.443084716796875,25.443084716796875,25.396879511546715,25.419980645381493,35400
2014-06-23,25.427692413330078,25.4661952965297,25.412290672533892,25.4661952965297,34000
2014-06-24,25.389183044433594,25.4584893915212,25.373781307571797,25.419983580576243,18200
2014-06-25,25.435380935668945,25.435380935668945,25.35067286631225,25.35067286631225,28300
2014-06-26,25.435380935668945,25.443083271563424,25.37377693641526,25.419979201460414,14700
2014-06-27,25.466197967529297,25.466197967529297,25.41229333787975,25.41229333787975,9600
2014-06-30,25.473899841308594,25.481599243582473,25.427694614919474,25.473899841308594,38100
2014-07-01,25.504690170288086,25.55089537816646,25.389181556963308,25.389181556963308,50300
2014-07-02,25.469865798950195,25.531781201869695,25.469865798950195,25.531781201869695,18700
2014-07-03,25.539512634277344,25.539512634277344,25.477597247156538,25.516295840251118,12300
2014-07-07,25.477611541748047,25.516310156555054,25.454394734695686,25.516310156555054,17700
2014-07-08,25.400203704833984,25.477594979558734,25.392465758276664,25.42342049679383,55400
2014-07-09,25.454391479492188,25.469870332977536,25.400216968438183,25.462132382379576,21000
2014-07-10,25.39247703552246,25.40795588779942,25.330561626414628,25.376998183245504,18400
2014-07-11,25.423423767089844,25.423423767089844,25.384728124749923,25.384728124749923,20800
2014-07-14,25.462141036987305,25.500836707708654,25.438921272722144,25.500836707708654,13700
2014-07-15,25.423423767089844,25.469860309270707,25.384728124749923,25.423423767089844,34000
2014-07-16,25.446651458740234,25.485347113160895,25.423431704256487,25.485347113160895,30600
2014-07-17,25.353776931762695,25.446650039941087,25.353776931762695,25.376996684951806,19500
2014-07-18,25.454391479492188,25.462132382379576,25.384738114952835,25.392479017840227,44900
2014-07-21,25.400203704833984,25.431161395639037,25.384724859431454,25.41568255023651,44900
2014-07-22,25.4853458404541,25.49308379003613,25.446650187965854,25.49308379003613,38000
2014-07-23,25.493070602416992,25.50854944586286,25.477591758971126,25.477591758971126,17500
2014-07-24,25.4853458404541,25.508562641489238,25.469866989000995,25.4853458404541,20800
2014-07-25,25.43117904663086,25.477612662778686,25.42343814241293,25.438916998558852,14200
2014-07-28,25.454391479492188,25.462132382379576,25.41569582192353,25.42343377252149,113200
2014-07-29,25.438915252685547,25.516309528103584,25.438915252685547,25.516309528103584,20400
2014-07-30,25.39247703552246,25.469868344618053,25.361519330968544,25.469868344618053,22700
2014-07-31,25.2144775390625,25.291868856986355,25.206736635896394,25.268652052067104,20000
2014-08-01,25.2144775390625,25.22221548993907,25.14482417201522,25.206736635896394,52200
2014-08-04,25.272565841674805,25.272565841674805,25.179595853744363,25.179595853744363,48000
2014-08-05,25.179597854614258,25.241579821801636,25.140860602853575,25.241579821801636,32100
2014-08-06,25.179597854614258,25.179597854614258,25.102123351092896,25.117615887426876,14600
2014-08-07,25.12537384033203,25.218343867950686,25.109878343151607,25.17960660273157,16200
2014-08-08,25.233850479125977,25.233850479125977,25.148626684829626,25.187363967110187,21300
2014-08-11,25.280330657958984,25.303572430411798,25.249339657712266,25.295826158082342,10600
2014-08-12,25.257081985473633,25.288072980880276,25.226093945530977,25.288072980880276,17800
2014-08-13,25.334556579589844,25.334556579589844,25.288070091790825,25.326807353891514,51300
2014-08-14,25.388795852661133,25.388795852661133,25.35005858062004,25.36555408052936,11300
2014-08-15,25.404293060302734,25.45852583589879,25.36555578565764,25.45852583589879,29700
2014-08-18,25.45076560974121,25.466261103996157,25.412028351835513,25.412028351835513,43400
2014-08-19,25.489521026611328,25.489521026611328,25.450780790135262,25.450780790135262,23300
2014-08-20,25.45076560974121,25.466261103996157,25.419777576694653,25.42752384609046,12800
2014-08-21,25.49725914001465,25.52050091008949,25.45077264440082,25.45077264440082,42500
2014-08-22,25.48176383972168,25.489513066783015,25.435280299210365,25.47401756812452,22800
2014-08-25,25.53599739074707,25.551492889880976,25.51275561977835,25.551492889880976,16200
2014-08-26,25.551498413085938,25.574740189078593,25.52825663709328,25.52825663709328,10100
2014-08-27,25.57473373413086,25.57473373413086,25.535996465431907,25.535996465431907,29300
2014-08-28,25.551498413085938,25.56699391556934,25.497265632126467,25.56699391556934,19600
2014-08-29,25.57473373413086,25.57473373413086,25.528250193877778,25.528250193877778,29900
2014-09-02,25.551498413085938,25.56699391556934,25.489519358617216,25.489519358617216,41500
2014-09-03,25.57785987854004,25.601125633058928,25.562348389356096,25.601125633058928,9400
2014-09-04,25.30641746520996,25.59337263301433,25.30641746520996,25.56234965311272,82400
2014-09-05,25.52356719970703,25.539078686492896,25.484789961999162,25.50030144878503,38300
2014-09-08,25.477035522460938,25.5390814763823,25.461526992494516,25.5390814763823,15500
2014-09-09,25.41499900817871,25.63215398525273,25.399487515742756,25.63215398525273,68400
2014-09-10,25.430503845214844,25.430503845214844,25.352946403332574,25.360703626777752,12900
2014-09-11,25.41499900817871,25.41499900817871,25.360710263910207,25.368464530870845,16100
2014-09-12,25.32968521118164,25.360708193520907,25.321930944854042,25.360708193520907,23300
2014-09-15,25.314167022705078,25.329678509770876,25.306412758429005,25.329678509770876,28300
2014-09-16,25.352941513061523,25.391721705779382,25.267632781216882,25.267632781216882,24700
2014-09-17,25.32968521118164,25.391731175860173,25.314173720012008,25.36846245984851,21300
2014-09-18,25.391719818115234,25.399474080974347,25.37620833388391,25.399474080974347,14800
2014-09-19,25.38396453857422,25.43825325828031,25.352941567738355,25.43825325828031,13900
2014-09-22,25.298654556274414,25.391723475066296,25.290900292298524,25.391723475066296,21300
2014-09-23,25.267648696899414,25.314180223848975,25.252137201744496,25.259891470064357,10600
2014-09-24,25.30641746520996,25.30641746520996,25.244371505406747,25.244371505406747,32400
2014-09-25,25.197845458984375,25.30642295367412,25.174576739754542,25.30642295367412,19300
2014-09-26,25.236614227294922,25.24436849208763,25.128036769113955,25.128036769113955,33800
2014-09-29,25.174570083618164,25.197838796695766,25.12803857449108,25.12803857449108,17300
2014-09-30,25.174570083618164,25.22110455125931,25.143547105190734,25.174570083618164,44500
2014-10-01,25.112518310546875,25.159049803415087,25.081495342959386,25.13578405698098,34800
2014-10-02,25.095430374145508,25.118740839359383,25.0099655839475,25.079891051943807,17800
2014-10-03,25.142040252685547,25.149808429376083,25.10319344158945,25.142040252685547,16500
2014-10-06,25.1575927734375,25.211978930280054,25.13428230348836,25.211978930280054,19200
2014-10-07,25.05658721923828,25.14982020227661,25.04881903891138,25.14982020227661,27300
2014-10-08,25.235280990600586,25.243052133514364,25.00219708817183,25.025504589267918,41700
2014-10-09,25.017736434936523,25.204202371535025,25.00219711291621,25.165355548395556,48100
2014-10-10,24.908966064453125,24.9944278964178,24.908966064453125,24.978891537022662,76300
2014-10-13,24.83903694152832,24.971118213527724,24.83903694152832,24.971118213527724,39000
2014-10-14,24.877891540527344,24.947817024684216,24.85458255183783,24.885659721512177,28900
2014-10-15,24.877891540527344,24.924509517906372,24.73027090931709,24.870120395719166,38400
2014-10-16,24.83903694152832,24.893424568043258,24.769111475063266,24.769111475063266,48900
2014-10-17,24.96335220336914,24.994427885969284,24.90896605404033,24.92450537725183,29500
2014-10-20,25.05658721923828,25.05658721923828,24.94781491172305,24.94781491172305,62000
2014-10-21,25.17313003540039,25.196437539615793,25.041047262592727,25.041047262592727,55600
2014-10-22,25.110971450805664,25.20420442670721,25.110971450805664,25.134278953825334,31700
2014-10-23,25.165369033813477,25.21198702485569,25.142061520204475,25.21198702485569,13300
2014-10-24,25.20419692993164,25.211968071175317,25.165350115179226,25.211968071175317,23300
2014-10-27,25.20419692993164,25.211968071175317,25.126503300426812,25.126503300426812,35200
2014-10-28,25.297435760498047,25.312975080956186,25.21197097988944,25.21197097988944,50600
2014-10-29,25.250816345214844,25.32850997920972,25.21973770608803,25.281894984341655,15800
2014-10-30,25.344032287597656,25.35957159673092,25.21972077835173,25.289646187541322,36000
2014-10-31,25.437284469604492,25.460591966354478,25.390666512282444,25.390666512282444,32700
2014-11-03,25.421751022338867,25.452826703909267,25.40621169964229,25.4139798790792,33600
2014-11-04,25.391422271728516,25.391422271728516,25.344760093017488,25.352535639485897,25700
2014-11-05,25.42252540588379,25.46141203503911,25.37586619751067,25.46141203503911,14200
2014-11-06,25.375869750976562,25.406974905369967,25.368091237402933,25.375869750976562,27800
2014-11-07,25.42252540588379,25.43807946421926,25.39142025584614,25.4147498600327,78400
2014-11-10,25.44585609436035,25.476961242097016,25.41474797999062,25.41474797999062,80300
2014-11-11,25.484745025634766,25.484745025634766,25.438082844427896,25.469190965232478,32900
2014-11-12,25.438079833984375,25.4691879511075,25.399196170897138,25.399196170897138,17000
2014-11-13,25.453624725341797,25.492508374424965,25.430295129218347,25.492508374424965,59200
2014-11-14,25.44585609436035,25.46141015154522,25.406969468081652,25.44585609436035,38800
2014-11-17,25.438079833984375,25.4691879511075,25.422525775422812,25.4691879511075,48100
2014-11-18,25.508075714111328,25.515854227959014,25.438083922651174,25.508075714111328,29800
2014-11-19,25.453624725341797,25.484732831261237,25.422516619422357,25.484732831261237,18800
2014-11-20,25.469186782836914,25.476962328444365,25.430303121533267,25.430303121533267,44800
2014-11-21,25.554731369018555,25.59361502842225,25.531401766702945,25.55473136901855,31300
2014-11-24,25.59362030029297,25.59362030029297,25.539182572587894,25.539182572587894,28000
2014-11-25,25.616945266723633,25.62472377877732,25.57806160635458,25.57806160635458,34100
2014-11-26,25.663604736328125,25.663604736328125,25.616942568819717,25.663604736328125,36900
2014-11-28,25.60917854309082,25.640286668755362,25.60917854309082,25.632508154022155,12800
2014-12-01,25.523622512817383,25.624722397634248,25.500292911180015,25.616943885999817,17900
2014-12-02,25.54542350769043,25.54542350769043,25.49092269163288,25.514279335637053,38000
2014-12-03,25.56099510192871,25.568779659756423,25.49092220119266,25.49092220119266,7300
2014-12-04,25.54542350769043,25.592136795698774,25.537635979641223,25.58435223772129,39200
2014-12-05,25.55320930480957,25.57656594994637,25.529852659672773,25.529852659672773,45800
2014-12-08,25.475343704223633,25.553201143193437,25.467556178284102,25.553201143193437,19000
2014-12-09,25.506488800048828,25.506488800048828,25.3974871807864,25.428631349167482,70400
2014-12-10,25.358572006225586,25.50650242997838,25.358572006225586,25.50650242997838,20100
2014-12-11,25.3741397857666,25.451997265018885,25.350783136005408,25.420856055361444,28600
2014-12-12,25.265132904052734,25.33520580892351,25.265132904052734,25.311846193918694,93800
2014-12-15,25.124998092651367,25.257356431973225,25.10164143749413,25.241784338510687,28100
2014-12-16,25.132783889770508,25.241785579293204,25.0860705771598,25.101642671387797,66900
2014-12-17,25.3040714263916,25.319643519062755,25.171713093796278,25.22621393310882,60100
2014-12-18,25.428634643554688,25.44420672976266,25.374133826862664,25.44420672976266,101100
2014-12-19,25.529850006103516,25.545422091266776,25.444205022741365,25.498705835777,42100
2014-12-22,25.568782806396484,25.568782806396484,25.506494455822587,25.55321071875301,30700
2014-12-23,25.529850006103516,25.599922904302407,25.52206247848611,25.599922904302407,63500
2014-12-24,25.54542350769043,25.576564709672088,25.475350605606188,25.475350605606188,30700
2014-12-26,25.626712799072266,25.63452689200457,25.54855696304774,25.54855696304774,66700
2014-12-29,25.603261947631836,25.634524278854805,25.572002597748863,25.62671018671906,58200
2014-12-30,25.57200050354004,25.587631667871413,25.55636933920866,25.55636933920866,44100
2014-12-31,25.47820281982422,25.579803854648286,25.47820281982422,25.54854153911188,101700
2015-01-02,25.49384307861328,25.509474241961637,25.41569024321107,25.486028987608886,57100
2015-01-05,25.329727172851562,25.40788002934999,25.290650744602353,25.400065936236295,81800
2015-01-06,25.259384155273438,25.376616401617152,25.235938898540642,25.376616401617152,25800
2015-01-07,25.368797302246094,25.368797302246094,25.282827392639195,25.282827392639195,33100
2015-01-08,25.50946617126465,25.51728324113544,25.400051043782533,25.51728324113544,57400
2015-01-09,25.45477294921875,25.572005212622507,25.439141782008896,25.572005212622507,29200
2015-01-12,25.415685653686523,25.446947974737935,25.40005449316082,25.43131681421223,16100
2015-01-13,25.423507690429688,25.532922866972754,25.392248340945926,25.45477002125341,28800
2015-01-14,25.415685653686523,25.43131681421223,25.353161011583705,25.353161011583705,17300
2015-01-15,25.40787696838379,25.478215723294593,25.40787696838379,25.478215723294593,39600
2015-01-16,25.47820281982422,25.47820281982422,25.36097360857045,25.36097360857045,74400
2015-01-20,25.50946617126465,25.53291141819978,25.462575677394383,25.525097329667613,92200
2015-01-21,25.532922744750977,25.572002148763545,25.47821515674132,25.47821515674132,33600
2015-01-22,25.650144577026367,25.66577573601525,25.54072944544292,25.650144577026367,20700
2015-01-23,25.657974243164062,25.720495928473913,25.650157169162707,25.720495928473913,54200
2015-01-26,25.68142318725586,25.712685525066398,25.626715586757726,25.626715586757726,58900
2015-01-27,25.657974243164062,25.697050669150244,25.642343076501554,25.673602428486376,20200
2015-01-28,25.56418800354004,25.712682600580447,25.56418800354004,25.712682600580447,32200
2015-01-29,25.642343521118164,25.657974688051706,25.532925352583362,25.626712354184622,33000
2015-01-30,25.57200050354004,25.65797041669273,25.564183430704475,25.65797041669273,14900
2015-02-02,25.611082077026367,25.650158505047685,25.47821864414546,25.650158505047685,293000
2015-02-03,25.618896484375,25.6814784272254,25.517202319278745,25.6814784272254,66900
2015-02-04,25.634559631347656,25.658026384048636,25.501574403204316,25.501574403204316,38100
2015-02-05,25.673648834228516,25.70493979912327,25.556309207908505,25.579778923614903,38900
2015-02-06,25.446794509887695,25.626713086840763,25.446794509887695,25.626713086840763,51800
2015-02-09,25.454635620117188,25.501569115788104,25.399877885785973,25.423344633621433,26600
2015-02-10,25.454635620117188,25.493747861200525,25.407699140373555,25.407699140373555,30000
2015-02-11,25.446794509887695,25.501552207913814,25.40768229473629,25.501552207913814,25900
2015-02-12,25.571964263916016,25.571964263916016,25.525030783073714,25.525030783073714,14200
2015-02-13,25.595441818237305,25.618908565837103,25.564150832055784,25.564150832055784,32300
2015-02-17,25.53285026550293,25.6032534659585,25.431156090606763,25.454625813472994,41800
2015-02-18,25.595441818237305,25.65019955201862,25.525038591365224,25.587617579655582,11700
2015-02-19,25.618896484375,25.6658329415128,25.57978426212914,25.6658329415128,38800
2015-02-20,25.7127628326416,25.728408316174693,25.611071665782795,25.65800513231121,38400
2015-02-23,25.704952239990234,25.728418982983577,25.62672478989226,25.62672478989226,30200
2015-02-24,25.798812866210938,25.845749319295727,25.626715522304394,25.626715522304394,75600
2015-02-25,25.845752716064453,25.970913623335434,25.78317077039326,25.970913623335434,55400
2015-02-26,25.79099464416504,25.90051006348331,25.736236934505904,25.845752353824174,55700
2015-02-27,25.806644439697266,25.869223410869754,25.76752922563361,25.822286944436485,56000
2015-03-02,25.7127628326416,25.892681417165868,25.7127628326416,25.892681417165868,51700
2015-03-03,25.697105407714844,25.908507914960403,25.689277012689615,25.900679519935178,163700
2015-03-04,25.650129318237305,25.83021528133998,25.587493189729887,25.83021528133998,39700
2015-03-05,25.68144989013672,25.744089007915377,25.650130331247393,25.70494105270248,55400
2015-03-06,25.49353790283203,25.70494044010055,25.43089878654619,25.68144927809463,50800
2015-03-09,25.524850845336914,25.57965857089634,25.462214724753444,25.571830175872293,32200
2015-03-10,25.454387664794922,25.509198386457612,25.42307109258451,25.446559268441707,27500
2015-03-11,25.49353790283203,25.51702607804049,25.41523900747473,25.43873016948065,13600
2015-03-12,25.57183074951172,25.603150303904545,25.51702302272282,25.603150303904545,43900
2015-03-13,25.446557998657227,25.5248539054726,25.430898219934672,25.47787755610233,31300
2015-03-16,25.61881446838379,25.634474248261977,25.54051556899285,25.57966352528951,13700
2015-03-17,25.634475708007812,25.634475708007812,25.54051702338824,25.618815927237883,21500
2015-03-18,25.892858505249023,25.90851828836647,25.58750020145439,25.595328599614,35900
2015-03-19,25.791057586669922,25.94765234712528,25.70493330587627,25.94765234712528,67300
2015-03-20,25.877201080322266,25.96332840191789,25.767585575309102,25.767585575309102,33200
2015-03-23,25.963329315185547,26.057285038959108,25.90069316160271,25.95550091603717,58900
2015-03-24,26.06510353088379,26.06510353088379,25.90850874419392,26.041612371462175,33300
2015-03-25,25.877201080322266,26.025967540095984,25.80673354327116,25.947668617373367,48300
2015-03-26,25.7675838470459,25.861539561212812,25.72843588170954,25.77541224539385,21400
2015-03-27,25.791057586669922,25.830208516881232,25.70493330587627,25.70493330587627,28600
2015-03-30,25.908519744873047,26.033795030057025,25.798904243686867,25.798904243686867,53600
2015-03-31,25.85369873046875,25.900678058360175,25.759743061482762,25.759743061482762,19200
2015-04-01,25.88502311706543,25.88502311706543,25.524854176221094,25.86936333817677,19100
2015-04-02,25.910900115966797,25.910900115966797,25.855987758480566,25.895210443470866,17400
2015-04-06,25.997196197509766,26.028575547787277,25.879528122718412,25.934440489454285,112600
2015-04-07,26.02073097229004,26.067800000886947,25.989354612391853,26.04426698283837,67900
2015-04-08,26.02857780456543,26.114869529060645,25.97366543306844,26.114869529060645,29600
2015-04-09,26.01289176940918,26.02073511250676,25.957979390225432,26.0050484263116,22500
2015-04-10,26.052114486694336,26.07565050100271,25.997202107475186,26.07565050100271,74700
2015-04-13,26.005043029785156,26.099178089922496,25.997196695815607,26.091331755952947,120600
2015-04-14,26.04426383972168,26.13055555215214,26.04426383972168,26.067796854930208,44400
2015-04-15,26.1148738861084,26.185475945883862,26.08349452787479,26.16978626676706,58400
2015-04-16,26.13840675354004,26.169786111587577,26.091337716468736,26.12271707451627,14600
2015-04-17,26.052114486694336,26.09918352281085,25.989358764372547,26.091337187207984,25600
2015-04-20,26.083494186401367,26.09918386531277,26.044271485373,26.044271485373,18200
2015-04-21,26.075651168823242,26.130563549448745,26.044271810608578,26.05211515391209,57400
2015-04-22,26.01289176940918,26.083493827288315,26.01289176940918,26.059960805495347,21200
2015-04-23,26.12271499633789,26.161937694526827,25.997200566633264,26.005046901771085,58800
2015-04-24,26.193313598632812,26.201159932736736,26.10702187848763,26.138401229903998,27000
2015-04-27,26.18547248840332,26.232538527038912,26.154093134312983,26.193315830675946,84000
2015-04-28,26.13840675354004,26.193319133873082,26.075651029945256,26.185475790611346,99100
2015-04-29,25.973665237426758,26.177625045379312,25.973665237426758,26.091333321534073,52100
2015-04-30,25.942289352416992,26.012891409318797,25.910909995460592,26.012891409318797,18200
2015-05-01,25.91874885559082,25.981504558903744,25.91090252236463,25.950128203496945,43200
2015-05-04,25.961942672729492,25.98550064478047,25.922675391747262,25.922675391747262,12700
2015-05-05,25.83629035949707,25.91481891551756,25.797023085814434,25.91481891551756,33700
2015-05-06,25.7420711517334,25.891279710239257,25.679248860526638,25.891279710239257,28000
2015-05-07,25.8127384185791,25.828444734407565,25.72635517935926,25.742061495187723,23400
2015-05-08,26.00905990600586,26.040472534079473,25.930531331494922,25.93838299067678,25000
2015-05-11,25.851999282836914,25.993353110878875,25.781325364488975,25.993353110878875,46600
2015-05-12,25.844154357910156,25.85200601899257,25.68709417519753,25.820596378989098,42900
2015-05-13,25.86770248413086,25.938379389647856,25.789173920522053,25.891263449751644,23700
2015-05-14,25.977649688720703,25.98550134772578,25.859853833933364,25.930530747671163,39200
2015-05-15,26.00905990600586,26.056178848116282,25.922676676639973,25.922676676639973,59600
2015-05-18,25.99336051940918,26.00906683763185,25.922683585244126,25.99336051940918,78300
2015-05-19,25.91482925415039,25.993357841499595,25.891271277080346,25.993357841499595,33800
2015-05-20,25.94623374938965,25.977646372746275,25.883408502676396,25.914821126033022,14900
2015-05-21,26.02477264404297,26.03262730083678,25.89127343528658,25.89127343528658,53600
2015-05-22,25.969802856445312,25.993360836229503,25.90698057846283,25.922683901203,31400
2015-05-26,25.922670364379883,25.969789295016678,25.828435498778653,25.969789295016678,203300
2015-05-27,25.99336051940918,25.99336051940918,25.836303328530295,25.85200665107907,31900
2015-05-28,25.961942672729492,26.57447391143853,25.86770479317968,26.503796999612646,41500
2015-05-29,25.906970977783203,25.96194157402444,25.859852040002362,25.946235261430825,20000
2015-06-01,25.851999282836914,26.056178365863317,25.81273499630816,26.056178365863317,44200
2015-06-02,25.826053619384766,25.84964109692525,25.755297184850413,25.755297184850413,24300
2015-06-03,25.73171043395996,25.92039524240313,25.723849941503,25.92039524240313,27300
2015-06-04,25.716001510620117,25.786757980344532,25.653108537001213,25.786757980344532,53000
2015-06-05,25.574480056762695,25.645236502930455,25.53517158645706,25.60592803262482,15900
2015-06-08,25.598073959350586,25.629518944056507,25.543041487309225,25.629518944056507,26300
2015-06-09,25.527318954467773,25.550903444106407,25.44869899059739,25.527318954467773,24500
2015-06-10,25.590208053588867,25.700272987304746,25.488003615547903,25.574484063194525,28300
2015-06-11,25.73171043395996,25.739573925460206,25.582337084931446,25.582337084931446,20300
2015-06-12,25.574480056762695,25.715992949098215,25.574480056762695,25.58234355025025,13400
2015-06-15,25.53517723083496,25.62951818023072,25.519453239428216,25.59807319646194,68300
2015-06-16,25.668813705444336,25.684534688035992,25.59805728761051,25.60591777890634,18700
2015-06-17,25.605928421020508,25.70813284460065,25.5351719737795,25.61379191462734,38800
2015-06-18,25.72385597229004,25.73957995993363,25.629512046428502,25.73957995993363,32800
2015-06-19,25.75529670715332,25.76316019920215,25.692403765980156,25.76316019920215,15600
2015-06-22,25.786754608154297,25.833926581483475,25.715998147682857,25.81820259037375,30800
2015-06-23,25.72385597229004,25.818196899107583,25.67668400935927,25.778888429520606,39300
2015-06-24,25.72385597229004,25.73957995993363,25.66096002171568,25.72385597229004,39400
2015-06-25,25.676671981811523,25.74742839354174,25.653087510915647,25.74742839354174,28500
2015-06-26,25.621646881103516,25.67667932830124,25.57447492677256,25.67667932830124,21100
2015-06-29,25.519441604614258,25.566613557327873,25.472272650943985,25.472272650943985,44100
2015-06-30,25.511594772338867,25.566627247117186,25.46442279436676,25.535179261802448,16100
2015-07-01,25.519441604614258,25.590198034163013,25.46440915930338,25.50371762037639,76100
2015-07-02,25.528133392333984,25.599195513842638,25.51234080573387,25.51234080573387,11800
2015-07-06,25.520238876342773,25.551824053606673,25.449173733563143,25.449173733563143,20200
2015-07-07,25.528133392333984,25.607093313206647,25.441275672097312,25.520235592969975,228700
2015-07-08,25.425493240356445,25.504453192765457,25.378115461633573,25.433388030745704,19500
2015-07-09,25.449176788330078,25.583412301750336,25.401799016747287,25.583412301750336,57900
2015-07-10,25.53602409362793,25.567609261774308,25.457064185389402,25.53602409362793,30400
2015-07-13,25.55972671508789,25.654482276067395,25.488661550417874,25.654482276067395,91900
2015-07-14,25.607099533081055,25.64657950310693,25.551826972619097,25.607099533081055,120000
2015-07-15,25.61498260498047,25.68604772337065,25.551815284259895,25.68604772337065,25200
2015-07-16,25.693960189819336,25.73344016432487,25.622895030857787,25.64658241313531,28700
2015-07-17,25.709749221801758,25.709749221801758,25.62289148264012,25.701851420716938,15900
2015-07-20,25.678163528442383,25.725541297618584,25.607098380742336,25.646578348991586,117300
2015-07-21,25.65447425842285,25.70184901197763,25.583409115962414,25.583409115962414,32700
2015-07-22,25.65447425842285,25.670263834855593,25.575511315617767,25.662369046639224,101800
2015-07-23,25.64656639099121,25.66235897335314,25.57550127642607,25.583399073670584,65400
2015-07-24,25.599205017089844,25.630790202015508,25.50445247444188,25.57551763446011,81600
2015-07-27,25.53602409362793,25.55181667770112,25.464958971362286,25.512336723581853,30500
2015-07-28,25.607099533081055,25.614994322234775,25.464969231284986,25.504449201310862,24500
2015-07-29,25.64656639099121,25.66235897335314,25.57550127642607,25.583399073670584,13400
2015-07-30,25.64656639099121,25.693944138077,25.528126541467376,25.61498122626735,28800
2015-07-31,25.725536346435547,25.741325920993557,25.66236599969183,25.693951173063688,19200
2015-08-03,25.686046600341797,25.741319133103428,25.630774067580163,25.6939443976661,15000
2015-08-04,25.61332893371582,25.71609628727951,25.60542189688725,25.652855070905773,41000
2015-08-05,25.6291446685791,25.660766794082733,25.59752555872734,25.6291446685791,33200
2015-08-06,25.597522735595703,25.63704888029,25.550089552571624,25.597522735595703,43200
2015-08-07,25.644941329956055,25.644941329956055,25.56588907624205,25.56588907624205,9400
2015-08-10,25.61332893371582,25.72400332410808,25.589610838881075,25.72400332410808,23200
2015-08-11,25.60542106628418,25.65285423876404,25.581705987869682,25.589610008790892,25400
2015-08-12,25.550081253051758,25.605418440778713,25.526366177068937,25.581703364795892,17200
2015-08-13,25.550081253051758,25.6449445726336,25.494744065324802,25.53427019717969,30700
2015-08-14,25.597522735595703,25.61333379660373,25.534278491563597,25.581711674587677,10300
2015-08-17,25.644941329956055,25.65284836471756,25.542174003257884,25.550078022369213,22600
2015-08-18,25.56589698791504,25.629138207326964,25.534274870383527,25.557992966357716,16900
2015-08-19,25.597522735595703,25.597522735595703,25.447319163845226,25.510563407877328,11700
2015-08-20,25.34454917907715,25.518464800940784,25.34454917907715,25.39988637907711,23900
2015-08-21,25.146907806396484,25.391973135568573,25.146907806396484,25.34454298467589,76300
2015-08-24,24.886035919189453,25.052049016442464,11.85802237026727,24.75164493868007,273500
2015-08-25,24.80698013305664,25.052046994564567,24.76745399814266,25.028330408920944,166000
2015-08-26,25.004615783691406,25.09157509671042,24.830698665478884,25.09157509671042,33500
2015-08-27,25.162723541259766,25.210155208798255,25.020427030818766,25.03623808927344,31000
2015-08-28,25.202247619628906,25.210153148210072,25.099478763724548,25.099478763724548,28400
2015-08-31,25.06785774230957,25.18643916837158,25.059953721209208,25.18643916837158,67000
2015-09-01,24.870222091674805,25.05995175536033,24.84650701458313,24.925560789814536,27800
2015-09-02,24.980899810791016,25.012520418505606,24.88603497199632,25.012520418505606,72500
2015-09-03,24.98881721496582,25.10739718894216,24.973006149681993,25.091586123658335,140800
2015-09-04,24.909746170043945,24.92555722439364,24.878124061344554,24.92555722439364,13200
2015-09-08,25.012523651123047,25.059956830563387,24.972997509415087,25.059956830563387,18000
2015-09-09,24.98881721496582,25.1311137868679,24.980911682323907,25.075775058374507,20900
2015-09-10,25.05205535888672,25.05205535888672,24.941379430089647,24.941379430089647,49600
2015-09-11,25.028331756591797,25.075763422607647,24.996711148523055,24.996711148523055,7500
2015-09-14,25.059959411621094,25.12320214956293,24.98090561223735,25.12320214956293,26200
2015-09-15,25.044143676757812,25.059954735249267,24.965089892126088,25.020427089020636,112200
2015-09-16,25.099483489990234,25.1232000801996,25.044146287327404,25.091577959920446,22000
2015-09-17,25.25759506225586,25.281310148382595,25.08367638892152,25.08367638892152,28900
2015-09-18,25.162723541259766,25.186440128941772,25.075764227584592,25.115291873721272,23500
2015-09-21,25.08366584777832,25.11528795975968,25.01251760364555,25.11528795975968,23400
2015-09-22,24.917659759521484,24.988808019290552,24.886037640590512,24.965091430092322,20000
2015-09-23,24.93346405029297,25.004610782922192,24.87021982959995,24.972990180400895,33900
2015-09-24,24.92556381225586,24.93346934152015,24.83069896890991,24.84651002743849,39300
2015-09-25,24.86231803894043,24.980897947721036,24.82279039746333,24.972992419425616,41300
2015-09-28,24.775360107421875,24.886034494035524,24.759549049955517,24.878128965302345,55000
2015-09-29,24.759557723999023,24.814894936692195,24.704220511305852,24.743746660993555,17800
2015-09-30,24.870222091674805,24.925560789814536,24.79907535257442,24.925560789814536,32900
2015-10-01,24.90184211730957,24.949273775341954,24.854410459277183,24.90184211730957,112300
2015-10-02,25.065784454345703,25.105383756820807,24.915310126058177,24.915310126058177,13500
2015-10-05,25.168752670288086,25.24002993686551,25.08955553958432,25.200430616233817,28400
2015-10-06,25.192493438720703,25.335047873905893,25.1687353732289,25.1687353732289,34200
2015-10-07,25.32714080810547,25.335060670789304,25.232105477018184,25.32714080810547,42200
2015-10-08,25.374650955200195,25.382569304507108,25.2479347079074,25.2479347079074,37400
2015-10-09,25.374650955200195,25.430088463701463,25.319211936140118,25.382569304507108,14500
2015-10-12,25.445934295654297,25.461774019190518,25.30337980494667,25.30337980494667,28000
2015-10-13,25.3192195892334,25.41425642578952,25.31129972697378,25.382576976751057,28700
2015-10-14,25.35089683532715,25.422174083157696,25.32713875975645,25.35089683532715,46400
2015-10-15,25.49344825744629,25.49344825744629,25.33505556735395,25.414252667679644,20500
2015-10-16,25.485530853271484,25.50928892686007,25.43009333415265,25.50137057603661,153200
2015-10-19,25.485530853271484,25.50137057603661,25.41425361138753,25.453851407741237,41400
2015-10-20,25.398408889770508,25.445928048713277,25.398408889770508,25.43008832906569,27600
2015-10-21,25.430091857910156,25.5013690956564,25.39841241421893,25.477608002328964,165600
2015-10-22,25.58057403564453,25.596413763280914,25.493457044204,25.50137841858176,141900
2015-10-23,25.58847999572754,25.651835846988874,25.533042492954877,25.651835846988874,29800
2015-10-26,25.57264518737793,25.651840771938854,25.556805466242167,25.628082700794156,29500
2015-10-27,25.58057403564453,25.596413763280914,25.540976227113145,25.596413763280914,42600
2015-10-28,25.604320526123047,25.667676379394358,25.533043302994443,25.533043302994443,22600
2015-10-29,25.453842163085938,25.525119379082515,25.453842163085938,25.525119379082515,23500
2015-10-30,25.517200469970703,25.540958534408045,25.461762972205538,25.525118817744136,61400
2015-11-02,25.58057403564453,25.58057403564453,25.50137841858176,25.525136499476762,28700
2015-11-03,25.526653289794922,25.574216545700786,25.47908700977563,25.542508716468017,41500
2015-11-04,25.510793685913086,25.590067782184587,25.479082837759318,25.590067782184587,28600
2015-11-05,25.455303192138672,25.526651093973495,25.43944776682947,25.455303192138672,83300
2015-11-06,25.376041412353516,25.431536946554537,25.30469497942683,25.431536946554537,119000
2015-11-09,25.28090476989746,25.352252694964818,25.2254122753022,25.352252694964818,55200
2015-11-10,25.2967586517334,25.32846951073629,25.241266160535318,25.27297550748123,60500
2015-11-11,25.288835525512695,25.368111175347106,25.28090780932353,25.368111175347106,58100
2015-11-12,25.249189376831055,25.296754144804158,25.20955081013954,25.20955081013954,105500
2015-11-13,25.185773849487305,25.272975688255038,25.15406299025759,25.15406299025759,104500
2015-11-16,25.265050888061523,25.288832521747025,25.12235503772021,25.12235503772021,45200
2015-11-17,25.2967586517334,25.336395713430033,25.241266160535318,25.241266160535318,46600
2015-11-18,25.399808883666992,25.399808883666992,25.27296700239836,25.27296700239836,131500
2015-11-19,25.423587799072266,25.45529864402487,25.407732376595963,25.43944322154857,105000
2015-11-20,25.40773582458496,25.48701294772488,25.391880399956978,25.391880399956978,40900
2015-11-23,25.391883850097656,25.439450130444712,25.376028423315304,25.376028423315304,24900
2015-11-24,25.423587799072266,25.447369420730407,25.376021531643357,25.39980617741412,75500
2015-11-25,25.447362899780273,25.463218318193586,25.415655087065495,25.463218318193586,33700
2015-11-27,25.4315242767334,25.463232106618072,25.4315242767334,25.455305905175273,18600
2015-11-30,25.423587799072266,25.479080265683013,25.39187695411966,25.479080265683013,249000
2015-12-01,25.574222564697266,25.5821517919567,25.43945594242821,25.43945594242821,195600
2015-12-02,25.480587005615234,25.567876948606706,25.48058700561523,25.567876948606706,71400
2015-12-03,25.27425193786621,25.50437777480982,25.202833209335328,25.50437777480982,116900
2015-12-04,25.425024032592773,25.448829265513407,25.258379834360646,25.337734142397014,103300
2015-12-07,25.37742042541504,25.41709683811041,25.34567959797037,25.36948484016434,87500
2015-12-08,25.27425193786621,25.33773508394282,25.25838077295766,25.29012310277476,145600
2015-12-09,25.282194137573242,25.33774171573436,25.234580630385437,25.242516214916737,196000
2015-12-10,25.250459671020508,25.321878440508296,25.250459671020508,25.258395258025647,246400
2015-12-11,25.131425857543945,25.226651376545274,25.12349027149731,25.1631666881722,118100
2015-12-14,25.083816528320312,25.25045931238601,25.020333346739317,25.179040543912585,213500
2015-12-15,25.115549087524414,25.179032248189646,25.08380826397077,25.179032248189646,250300
2015-12-16,25.258390426635742,25.298066840513727,25.131424085956382,25.147295256930846,125800
2015-12-17,25.17110824584961,25.313945801459454,25.155238583549675,25.313945801459454,88600
2015-12-18,25.13935661315918,25.18696860673224,25.083809035064274,25.083809035064274,93300
2015-12-21,25.123489379882812,25.274262482301474,25.08381296461601,25.274262482301474,88900
2015-12-22,25.194900512695312,25.194900512695312,25.11554619262094,25.15522410943701,166000
2015-12-23,25.282194137573242,25.282194137573242,25.202839805818222,25.21077539034952,77400
2015-12-24,25.27425193786621,25.32186391903427,25.226639956698154,25.226639956698154,37300
2015-12-28,25.247987747192383,25.287799425459088,25.20021525193258,25.240026930199285,88700
2015-12-29,25.311683654785156,25.327606805684233,25.20021248653116,25.319644470904656,86800
2015-12-30,25.247987747192383,25.27983708980575,25.20021525193258,25.255950082845725,92300
2015-12-31,25.1922550201416,25.247989855709292,25.12855784825562,25.12855784825562,71600
2016-01-04,25.05689811706543,25.120595288384557,24.961353119416913,24.961353119416913,148000
2016-01-05,25.080785751342773,25.096710424234818,25.00116390554294,25.096710424234818,70200
2016-01-06,25.033004760742188,25.04096709448758,24.889685790644865,24.889685790644865,76200
2016-01-07,24.841917037963867,24.913576533775426,24.778219877093605,24.778219877093605,76900
2016-01-08,24.786191940307617,24.913587838515156,24.77026878185987,24.86581380718953,41100
2016-01-11,24.730445861816406,24.84191703230907,24.69859804071858,24.84191703230907,203400
2016-01-12,24.810073852539062,24.841923200204736,24.754339012784616,24.778226023533872,152100
2016-01-13,24.698593139648438,24.897646917655933,24.682668472929485,24.889684584296457,79300
2016-01-14,24.762304306030273,24.81007681457178,24.65879543241957,24.73841729242919,210700
2016-01-15,24.563232421875,24.65081503693353,24.48361062019125,24.52342076170335,204000
2016-01-19,24.603052139282227,24.68267397195605,24.49954481986836,24.68267397195605,486300
2016-01-20,24.48361587524414,24.56323769401756,24.3243722376973,24.41195639021405,88300
2016-01-21,24.515470504760742,24.579167669804015,24.411961662402792,24.475658827446065,106800
2016-01-22,24.642868041992188,24.698602878826133,24.579170868659048,24.650828859830977,72900
2016-01-25,24.595083236694336,24.66674271510003,24.555273090317723,24.634894901730686,38200
2016-01-26,24.730445861816406,24.730445861816406,24.626938544923334,24.69859804071858,19400
2016-01-27,24.658790588378906,24.770261777958932,24.63490509813062,24.674715260984676,37700
2016-01-28,24.698593139648438,24.746365621145493,24.64285832479191,24.67470613957001,25700
2016-01-29,24.921539306640625,24.92950164220704,24.80210731046482,24.82599431716407,150500
2016-02-01,24.87375831604004,24.905607647427274,24.810061171925277,24.87375831604004,98900
2016-02-02,24.750211715698242,24.845865379146424,24.742241970744015,24.845865379146424,41000
2016-02-03,24.79802703857422,24.85382434782806,24.734258467946596,24.821939302332922,35000
2016-02-04,24.821956634521484,24.885725249676202,24.79007308712598,24.81398536758168,48800
2016-02-05,24.71833038330078,24.790070257205812,24.686445319181416,24.790070257205812,23600
2016-02-08,24.686447143554688,24.686447143554688,24.590794984854803,24.598766251473734,61700
2016-02-09,24.646581649780273,24.694407708403926,24.5748418016633,24.58281306482774,32200
2016-02-10,24.678468704223633,24.742238818640526,24.622671374472063,24.686439968525747,114500
2016-02-11,24.606735229492188,24.63861877263887,24.527024091080218,24.527024091080218,32000
2016-02-12,24.670503616333008,24.670503616333008,24.5349951383491,24.638618553106912,43200
2016-02-16,24.710365295410156,24.78210518725175,24.6705104756599,24.78210518725175,46100
2016-02-17,24.85383415222168,24.917602748004875,24.782094291920178,24.845862887703372,115800
2016-02-18,24.89369010925293,24.949487443106225,24.861806570063898,24.901661374141018,94800
2016-02-19,24.88572120666504,24.925577534888877,24.861808930094202,24.91760626924411,52200
2016-02-22,25.037174224853516,25.037174224853516,24.94152207015786,24.94152207015786,67200
2016-02-23,24.925579071044922,24.9574626152255,24.893694006500784,24.949491349089463,32400
2016-02-24,24.941516876220703,24.9494866204827,24.821949427205034,24.821949427205034,24900
2016-02-25,25.061080932617188,25.15673306024785,24.949484756563873,25.15673306024785,48900
2016-02-26,25.005281448364258,25.10093356774606,24.981367658337295,25.077019777719098,117000
2016-02-29,24.997318267822266,25.053115608897375,24.96543320414305,25.029201811137963,20500
2016-03-01,25.164703369140625,25.164703369140625,25.045137453958894,25.069051245140482,31800
2016-03-02,25.132829666137695,25.132829666137695,25.053118518047174,25.053118518047174,38100
2016-03-03,25.2125301361084,25.260357719808876,25.116878009433723,25.13282053733388,86100
2016-03-04,25.27630615234375,25.300219951218747,25.236451341249012,25.29224868492708,41800
2016-03-07,25.268329620361328,25.308184420752674,25.188618499215455,25.220502035455898,44100
2016-03-08,25.236448287963867,25.30818815554567,25.236448287963867,25.244419553291113,21400
2016-03-09,25.252389907836914,25.292244712672286,25.22050484767794,25.276302182592797,42700
2016-03-10,25.236448287963867,25.34804296181849,25.12485361410925,25.300216890218422,65700
2016-03-11,25.403846740722656,25.411816487230517,25.292250524884544,25.292250524884544,25500
2016-03-14,25.41181182861328,25.427754359433735,25.324130949827623,25.324130949827623,205500
2016-03-15,25.3161678314209,25.427762542349562,25.284282759519048,25.30022529546997,20000
2016-03-16,25.45964241027832,25.46761367662445,25.284277591390673,25.284277591390673,19500
2016-03-17,25.563257217407227,25.603112015343477,25.45166256689525,25.45166256689525,52000
2016-03-18,25.611095428466797,25.635007709007375,25.587180107198787,25.595152894530603,13000
2016-03-21,25.611095428466797,25.635007709007375,25.57921036059441,25.595152894530603,27600
2016-03-22,25.539344787597656,25.62702716694657,25.5313720036244,25.539344787597656,88800
2016-03-23,25.539344787597656,25.595142112505847,25.507459733156935,25.5313720036244,15100
2016-03-24,25.523405075073242,25.523405075073242,25.45166521503329,25.507462546094754,29000
2016-03-28,25.563257217407227,25.57919974472696,25.483546101171637,25.57919974472696,45500
2016-03-29,25.7147216796875,25.7147216796875,25.507474784979834,25.587184427391716,23000
2016-03-30,25.722694396972656,25.7784917546517,25.71472160831683,25.738636933556375,52200
2016-03-31,25.73066520690918,25.778492818634373,25.674867846927157,25.674867846927157,39600
2016-04-01,25.738628387451172,25.754570918741425,25.611091177856085,25.635003454428,203000
2016-04-04,25.666887283325195,25.738627150319676,25.62703247737866,25.722684619795704,25100
2016-04-05,25.59514617919922,25.619058453465996,25.48354999128877,25.531376060185636,35800
2016-04-06,25.666887283325195,25.666887283325195,25.571235140908147,25.595147416330715,38100
2016-04-07,25.555295944213867,25.674860377651324,25.555295944213867,25.650948099109268,123200
2016-04-08,25.69876480102539,25.730646811988237,25.642964440207155,25.722677069429,32800
2016-04-11,25.682828903198242,25.754568767649,25.666886373239556,25.74659598230632,48400
2016-04-12,25.754568099975586,25.778480373930368,25.674855452248654,25.706740511339426,41800
2016-04-13,25.874134063720703,25.874134063720703,25.786451666320733,25.826309512940195,132100
2016-04-14,25.850223541259766,25.898051136010288,25.834281009676257,25.898051136010288,32800
2016-04-15,25.89008331298828,25.929938129223732,25.82631621515707,25.866171031392522,17000
2016-04-18,25.937911987304688,25.945881734589644,25.79443221035393,25.79443221035393,483900
2016-04-19,26.017614364624023,26.033556895473954,25.937904751101218,26.001671833774093,48100
2016-04-20,25.993698120117188,26.065437977625546,25.969785847856528,26.065437977625546,46900
2016-04-21,25.92196273803711,26.00964513909974,25.89007767570035,25.953847800373865,15800
2016-04-22,25.937911987304688,25.945881734589644,25.84225677551905,25.945881734589644,26800
2016-04-25,25.874134063720703,25.921961655227992,25.802394196823162,25.921961655227992,27200
2016-04-26,25.89008331298828,25.913995594584037,25.82631621515707,25.874140778348586,30500
2016-04-27,25.977764129638672,25.977764129638672,25.842254113929545,25.898054502087927,34500
2016-04-28,25.89804458618164,25.969784439800335,25.866159531078615,25.93789938469731,30800
2016-04-29,25.882104873657227,25.882104873657227,25.79442248295038,25.850219815086273,22200
2016-05-02,25.92196273803711,25.97776007676298,25.8183378058061,25.97776007676298,29300
2016-05-03,25.848552703857422,25.896436269434528,25.784710994040047,25.85653482026299,26800
2016-05-04,25.760759353637695,25.80066383418268,25.728840031199937,25.784702650821576,89800
2016-05-05,25.8006649017334,25.8006649017334,25.744799235515767,25.77672160355882,15300
2016-05-06,25.8006649017334,25.83258422549188,25.712879911757284,25.712879911757284,52800
2016-05-09,25.80864143371582,25.848542867703657,25.752778817276,25.840563798619797,38500
2016-05-10,25.928342819213867,25.928342819213867,25.816614567735513,25.84853692530076,32400
2016-05-11,25.864501953125,25.93632574619351,25.83257959080921,25.91238549659868,83100
2016-05-12,25.864501953125,25.96026599578834,25.77671697889859,25.96026599578834,47600
2016-05-13,25.816614151000977,25.848536508050927,25.73681130265963,25.776712726830304,123500
2016-05-16,25.88046646118164,25.880466461181644,25.76075910925123,25.76075910925123,52100
2016-05-17,25.784700393676758,25.880464441175924,25.76075709858883,25.856524190372177,29900
2016-05-18,25.641056060791016,25.896428916118005,25.641056060791016,25.808643926295996,69900
2016-05-19,25.680950164794922,25.696911344230315,25.585186132466255,25.60114731190165,27200
2016-05-20,25.760759353637695,25.7767205369988,25.6570162282172,25.768741467460472,57800
2016-05-23,25.72883415222168,25.784696759078845,25.664989433365637,25.784696759078845,72000
2016-05-24,25.824602127075195,25.848542378157635,25.70489478309456,25.720855965244258,52800
2016-05-25,25.856531143188477,25.928354959197303,25.79268639816507,25.8325878416622,88800
2016-05-26,25.952287673950195,25.968248855567264,25.872481765864855,25.92834742366665,67500
2016-05-27,25.936321258544922,25.99218386078988,25.864497477903765,25.952282436941125,61500
2016-05-31,25.944297790527344,26.08794533777354,25.888435193740843,25.968241077923846,31200
2016-06-01,25.944297790527344,25.968241077923846,25.880456127464146,25.920357547414042,29700
2016-06-02,25.996240615844727,26.004228285329017,25.892382627155246,25.900370296639537,25100
2016-06-03,26.092105865478516,26.14004102136638,25.988247884837502,26.044170709590652,378400
2016-06-06,26.140033721923828,26.179978150226788,26.076120198587464,26.179978150226788,41800
2016-06-07,26.187976837158203,26.24389966982843,26.140044722049904,26.164010779604055,39200
2016-06-08,26.235897064208984,26.27584148658153,26.171983550361645,26.227909398760104,35100
2016-06-09,26.203947067260742,26.267860597596204,26.15601496707401,26.179981017167375,50100
2016-06-10,26.07612419128418,26.15601610768744,25.94830017260396,26.108080957845484,39200
2016-06-13,25.980255126953125,26.31579200974697,25.932319980454814,25.980255126953125,27300
2016-06-14,25.884397506713867,26.052166010496023,25.852440730498433,26.052166010496023,37200
2016-06-15,25.996240615844727,26.05216344493161,25.932327069707934,25.932327069707934,21200
2016-06-16,26.0122127532959,26.028191135991506,25.828465923643744,25.932320839817862,62000
2016-06-17,26.020200729370117,26.060145162800296,25.940311862509763,26.060145162800296,27200
2016-06-20,26.084110260009766,26.17997749505062,26.05215349914133,26.124054687313084,42500
2016-06-21,26.100082397460938,26.1959526683289,26.036171931113042,26.1959526683289,59800
2016-06-22,26.100082397460938,26.187961955307863,26.05215030959104,26.17198357682987,40700
2016-06-23,26.227916717529297,26.227916717529297,26.11606803708564,26.227916717529297,38300
2016-06-24,25.852439880371094,26.132054044146564,25.56483499902157,25.67668066453176,34700
2016-06-27,25.7965145111084,25.956295323654594,25.684668856595717,25.788523794320053,37600
2016-06-28,25.996240615844727,26.03618505839741,25.852438184602562,25.96428384277633,51800
2016-06-29,26.07612419128418,26.187969826683744,26.06813652342635,26.11606862570331,39500
2016-06-30,26.211942672729492,26.28384388398915,26.100093973774687,26.13205074490463,42900
2016-07-01,26.331768035888672,26.419647606156868,26.203944037561623,26.259866846356925,28100
2016-07-05,26.315793991088867,26.33976308992507,26.140037869158434,26.20394835506995,16600
2016-07-06,26.34708023071289,26.363126322762284,26.15453018659932,26.2588282546808,59500
2016-07-07,26.323022842407227,26.387204175043134,26.234770832112584,26.347090459585655,24700
2016-07-08,26.49149513244629,26.51556274312785,26.387197052027037,26.427310756656137,83700
2016-07-11,26.515565872192383,26.587771773237478,26.49951977635127,26.547658063874614,65800
2016-07-12,26.563711166381836,26.62789250619545,26.47545914621754,26.595803366528973,56600
2016-07-13,26.603824615478516,26.63591681529893,26.45139125705249,26.563710895943313,43400
2016-07-14,26.61183738708496,26.66800024854858,26.55567758610096,26.603815870007082,38500
2016-07-15,26.50754165649414,26.676021054957733,26.48347098494253,26.676021054957733,29200
2016-07-18,26.499528884887695,26.59580549302701,26.483482783531144,26.499528884887695,42500
2016-07-19,26.523591995239258,26.53161351338711,26.483475223059916,26.483475223059916,45500
2016-07-20,26.571735382080078,26.60382758548321,26.515575556365082,26.60382758548321,35200
2016-07-21,26.54766273498535,26.587776451406295,26.499524438991983,26.499524438991983,40500
2016-07-22,26.603824615478516,26.643938335013722,26.515572596212692,26.57975699585352,38900
2016-07-25,26.555675506591797,26.66799816024371,26.515561803384372,26.66799816024371,41900
2016-07-26,26.523591995239258,26.63591161218935,26.523591995239258,26.579751803714306,41100
2016-07-27,26.619855880737305,26.692061759854198,26.531603910652333,26.57171760783307,39100
2016-07-28,26.65195083618164,26.70811063017467,26.539631248195587,26.539631248195587,73300
2016-07-29,26.7642822265625,26.8043959456068,26.63591648933239,26.63591648933239,87500
2016-08-01,26.700096130371094,26.820440340334248,26.635914796076367,26.635914796076367,59000
2016-08-02,26.553911209106445,26.658325467463893,26.553911209106445,26.63423034076271,45900
2016-08-03,26.594078063964844,26.594078063964844,26.545884733374947,26.578013620434877,46400
2016-08-04,26.666353225708008,26.682417661224445,26.569969676587164,26.674383911477335,33300
2016-08-05,26.67438507080078,26.7145446293484,26.59406595370554,26.682418820897055,20100
2016-08-08,26.67438507080078,26.754707251873935,26.626194826134803,26.67438507080078,13300
2016-08-09,26.786836624145508,26.79487037531062,26.706517496364313,26.74667706025491,78500
2016-08-10,26.82699203491211,26.867151587998826,26.76273429879136,26.859117838994983,52800
2016-08-11,26.810922622680664,26.859112851845854,26.79485819163329,26.84304842079848,48000
2016-08-12,26.843055725097656,26.91534415249287,26.78683173312113,26.91534415249287,64800
2016-08-15,26.851104736328125,26.939457649359735,26.76275182329652,26.939457649359735,461900
2016-08-16,26.802900314331055,26.923382066618085,26.77077450250232,26.923382066618085,57100
2016-08-17,26.818960189819336,26.851089060160575,26.66635265166501,26.77880063388164,51800
2016-08-18,26.87519645690918,26.891260899417677,26.77881286583733,26.77881286583733,30100
2016-08-19,26.835023880004883,26.88321718417882,26.626192356539757,26.835023880004883,31600
2016-08-22,26.843055725097656,26.91534415249287,26.78683173312113,26.810929918238042,52500
2016-08-23,26.835023880004883,26.963536293824415,26.826993194631378,26.859119000103036,55800
2016-08-24,26.82699203491211,26.93944000914592,26.786829417847894,26.899280456059202,28000
2016-08-25,26.802900314331055,26.883222503848486,26.794869627368428,26.883222503848486,45500
2016-08-26,26.722578048706055,26.939443338952614,26.706513612690248,26.851090472854622,37100
2016-08-29,26.786836624145508,26.85109437755312,26.722581934716214,26.722581934716214,30400
2016-08-30,26.794879913330078,26.875199069702024,26.762751025189537,26.762751025189537,30100
2016-08-31,26.75470542907715,26.84305522627148,26.71454280928789,26.746671679528216,64100
2016-09-01,26.786836624145508,26.85912506473991,26.706517496364313,26.714548183551102,42900
2016-09-02,26.841516494750977,26.881721866331016,26.777185446244335,26.81739081782437,17900
2016-09-06,26.946046829223633,26.994295110199477,26.857596248643905,26.881718855395388,28400
2016-09-07,26.95409393310547,26.99429930643211,26.921928407454814,26.93801117028014,51700
2016-09-08,26.809343338012695,26.938002330924185,26.809343338012695,26.938002330924185,45600
2016-09-09,26.59223747253418,26.801310306335534,26.568114863815996,26.801310306335534,34600
2016-09-12,26.688739776611328,26.688739776611328,26.53595809188812,26.53595809188812,22800
2016-09-13,26.47161102294922,26.616352770447865,26.391200304326542,26.616352770447865,70600
2016-09-14,26.47161102294922,26.552024809044184,26.415322906418886,26.415322906418886,19200
2016-09-15,26.584199905395508,26.600282668411314,26.391209816679225,26.44749795349785,64100
2016-09-16,26.519865036010742,26.576153164727142,26.463576907294343,26.519865036010742,46400
2016-09-19,26.503786087036133,26.64048803891687,26.503786087036133,26.552034376077582,51200
2016-09-20,26.59223747253418,26.656568519080174,26.535949340543,26.624402995807177,43000
2016-09-21,26.753074645996094,26.76915741522193,26.600292939562543,26.672660799866925,67600
2016-09-22,26.873674392700195,26.90583991149698,26.75305829842131,26.85759470077451,53100
2016-09-23,26.817399978637695,26.857608431426154,26.777194593323514,26.833482746258223,36100
2016-09-26,26.753074645996094,26.793280035323388,26.720909107544426,26.720909107544426,31800
2016-09-27,26.80130958557129,26.85759771604872,26.73697854075534,26.769144063163317,22300
2016-09-28,26.833484649658203,26.88173295594222,26.76915664208734,26.817401880896863,23100
2016-09-29,26.79327392578125,26.897810368174934,26.761108394664134,26.897810368174934,51300
2016-09-30,26.841516494750977,26.881721866331016,26.78522836104428,26.841516494750977,23400
2016-10-03,26.80130958557129,26.946048301461076,26.74501838762081,26.946048301461076,44300
2016-10-04,26.73927879333496,26.844013199710236,26.658715756604966,26.819844903347807,83800
2016-10-05,26.707035064697266,26.819824459456665,26.67480864525729,26.698976923197016,56200
2016-10-06,26.69093894958496,26.71510724300363,26.626486069425212,26.69093894958496,31900
2016-10-07,26.66676902770996,26.747335132274785,26.59426107024294,26.747335132274785,36900
2016-10-10,26.698986053466797,26.71509926869703,26.650649481057656,26.707044197722695,26600
2016-10-11,26.578153610229492,26.666771724288004,26.489532422888022,26.666771724288004,34000
2016-10-12,26.578153610229492,26.634548352486252,26.489532422888022,26.634548352486252,64900
2016-10-13,26.545927047729492,26.55398212232356,26.441192638308916,26.473419083251084,30400
2016-10-14,26.51369857788086,26.58620653682168,26.50564350390197,26.58620653682168,21600
2016-10-17,26.51369857788086,26.578151462842794,26.489530282661487,26.50564350390197,19600
2016-10-18,26.642597198486328,26.642597198486328,26.497581302790586,26.60231568818912,169300
2016-10-19,26.63454246520996,26.674823976020576,26.586202808267853,26.62648431907847,26500
2016-10-20,26.674821853637695,26.707048289035,26.61036898284308,26.707048289035,32300
2016-10-21,26.66676902770996,26.674827174807763,26.586205996427783,26.586205996427783,25400
2016-10-24,26.63454246520996,26.69093719500128,26.465355202553724,26.465355202553724,38300
2016-10-25,26.62648582458496,26.650657191063843,26.60231753138853,26.642599044476732,33900
2016-10-26,26.570091247558594,26.61037276088323,26.497583294261265,26.61037276088323,26100
2016-10-27,26.481477737426758,26.626493685985817,26.441196212445544,26.626493685985817,39500
2016-10-28,26.45730209350586,26.513696827483095,26.433133799882047,26.44924702005876,34600
2016-10-31,26.497581481933594,26.52174977361887,26.425073533595516,26.481468263049326,37700
2016-11-01,26.43313217163086,26.513695194269317,26.376737441127474,26.47341368295009,46600
2016-11-02,26.404903411865234,26.46135836256578,26.372642561018047,26.42909751171859,43700
2016-11-03,26.332313537597656,26.437156670095376,26.27585859654087,26.316183114929498,46100
2016-11-04,26.35651397705078,26.421032606688822,26.308122697399035,26.348447225493345,32000
2016-11-07,26.493616104125977,26.501682855109845,26.372642528444548,26.43716115349516,299500
2016-11-08,26.509756088256836,26.542016950696606,26.461367871162363,26.477498302382248,43000
2016-11-09,26.340377807617188,26.542003480693424,26.28392286528093,26.29198653851599,239300
2016-11-10,26.1790828704834,26.31618996054658,26.162952443619236,26.31618996054658,100900
2016-11-11,26.171024322509766,26.243609719336547,26.090372172388374,26.154893892485486,189200
2016-11-14,26.08229637145996,26.130687639038406,25.84840985967608,26.130687639038406,116100
2016-11-15,26.1790828704834,26.227474151075874,26.0258484301204,26.082303385862787,68000
2016-11-16,26.1790828704834,26.21940739936162,26.090367061012692,26.12262791474101,86700
2016-11-17,26.154895782470703,26.219414430665065,26.090374057711166,26.138765351280817,323600
2016-11-18,26.05810546875,26.219403560647674,26.001650521273035,26.219403560647674,227400
2016-11-21,26.138755798339844,26.22747159917862,26.050039997501067,26.146819472705165,66400
2016-11-22,26.138755798339844,26.21134117388393,26.09036452245577,26.10649494775046,214200
2016-11-23,26.09035873413086,26.146813671855337,26.00164602953765,26.138749999278996,99400
2016-11-25,26.138755798339844,26.21134117388393,26.082300848090448,26.154886223634534,35300
2016-11-28,26.203290939331055,26.2758763521046,26.106508337922577,26.2758763521046,118000
2016-11-29,26.195220947265625,26.23554548792002,26.082311002807213,26.1065051118868,131500
2016-11-30,26.171024322509766,26.259740149360827,26.074244818929042,26.259740149360827,80700
2016-12-01,26.033906936645508,26.203274846811663,25.969388318562377,26.203274846811663,107600
2016-12-02,26.10582733154297,26.16238566854918,26.041187470851185,26.073507401197077,90200
2016-12-05,26.14623260498047,26.227029369974254,26.09775269666479,26.154311048600242,364100
2016-12-06,26.18661880493164,26.259337092475633,26.146220441228888,26.235098690693494,168600
2016-12-07,26.348215103149414,26.372453504711878,26.218938491153672,26.283575256052764,92900
2016-12-08,26.348215103149414,26.380535026697736,26.267415294278603,26.340133581163556,186700
2016-12-09,26.332063674926758,26.380543575960345,26.28358377389317,26.380543575960345,91700
2016-12-12,26.267431259155273,26.340149590237132,26.194712928073418,26.332071145538894,124400
2016-12-13,26.396696090698242,26.429016019369946,26.29166094581227,26.396696090698242,196700
2016-12-14,26.227020263671875,26.48557352051834,26.227020263671875,26.46133511587584,249600
2016-12-15,26.259347915649414,26.259347915649414,26.194708041324674,26.218949535295877,199800
2016-12-16,26.194700241088867,26.29973846448895,26.194700241088867,26.227020168627035,190400
2016-12-19,26.27550506591797,26.323984966461566,26.210865198526506,26.323984966461566,162400
2016-12-20,26.299734115600586,26.332054037794375,26.20277743121664,26.332054037794375,241400
2016-12-21,26.259347915649414,26.36438617032769,26.259347915649414,26.36438617032769,130600
2016-12-22,26.29166603088379,26.32398596580649,26.23510768586838,26.315904440976496,164500
2016-12-23,26.32398223876953,26.3401391217447,26.275502343249425,26.291662308422794,106600
2016-12-27,26.299734115600586,26.332054037794375,26.267414193406797,26.323975598344642,139200
2016-12-28,26.297313690185547,26.345968482674834,26.26487716185936,26.345968482674834,55100
2016-12-29,26.337858200073242,26.3702947288873,26.321639935666216,26.337858200073242,97700
2016-12-30,26.378381729125977,26.427036484377595,26.329730067189587,26.427036484377595,282100
2017-01-03,26.402727127075195,26.427052973221212,26.337854079596273,26.427052973221212,148600
2017-01-04,26.508140563964844,26.52435882545201,26.410834088358936,26.43515993393114,123400
2017-01-05,26.61354637145996,26.61354637145996,26.459477592987955,26.55678402711155,89400
2017-01-06,26.54056739807129,26.589222164770938,26.500023305812896,26.589222164770938,73900
2017-01-09,26.4594783782959,26.556784815307516,26.4594783782959,26.483804214219838,123200
2017-01-10,26.54868507385254,26.5892291768031,26.46759377463464,26.46759377463464,43100
2017-01-11,26.564895629882812,26.597332143940424,26.51624395211264,26.573006305055333,39400
2017-01-12,26.581119537353516,26.67031842331514,26.564901276877137,26.621666735202904,111900
2017-01-13,26.556795120239258,26.64599401099369,26.532469274876068,26.573013381587067,67100
2017-01-17,26.589237213134766,26.64599959308477,26.573018948389375,26.64599959308477,227100
2017-01-18,26.516246795654297,26.597334996177796,26.48381027811827,26.597334996177796,92400
2017-01-19,26.467586517333984,26.516241283523794,26.41082417010384,26.50813060916753,184300
2017-01-20,26.467586517333984,26.500023028127192,26.418934844460104,26.43515000654078,100600
2017-01-23,26.556795120239258,26.573013381587067,26.49192207484801,26.516251013528258,185600
2017-01-24,26.556795120239258,26.56490270425463,26.524358597543632,26.540576858891445,125200
2017-01-25,26.59734535217285,26.62167429645592,26.548693650242257,26.62167429645592,102400
2017-01-26,26.59734535217285,26.60545603137313,26.53247538515947,26.564908822007272,100200
2017-01-27,26.60544776916504,26.637881195940782,26.556792989026206,26.637881195940782,62100
2017-01-30,26.516246795654297,26.573009154684062,26.48381027811827,26.573009154684062,126200
2017-01-31,26.54056739807129,26.581111490329683,26.443260957987956,26.443260957987956,56400
2017-02-01,26.621658325195312,26.621658325195312,26.508130537725066,26.573003559136634,151900
2017-02-02,26.54775619506836,26.637088391691215,26.53963649443899,26.637088391691215,27500
2017-02-03,26.612730026245117,26.67769693446043,26.547760020089402,26.547760020089402,30700
2017-02-06,26.661460876464844,26.677700282101164,26.596490862156394,26.677700282101164,42800
2017-02-07,26.645214080810547,26.677695984791715,26.612729078889085,26.653333782320765,31800
2017-02-08,26.76702117919922,26.76702117919922,26.685811793609524,26.685811793609524,77900
2017-02-09,26.76702117919922,26.76702117919922,26.71017398969854,26.750778682493387,104300
2017-02-10,26.79951286315918,26.79951286315918,26.710180657944875,26.76702786163757,31900
2017-02-13,26.76702117919922,26.807625871994066,26.718296787021195,26.718296787021195,119700
2017-02-14,26.750782012939453,26.815752007851493,26.68581511596728,26.815752007851493,72300
2017-02-15,26.775150299072266,26.799512500914044,26.72642279744849,26.758907798531006,79200
2017-02-16,26.823884963989258,26.84012747074394,26.77516054166661,26.77516054166661,86900
2017-02-17,26.872602462768555,26.880722164147148,26.807632459978812,26.840117461373683,42700
2017-02-21,26.864484786987305,26.913209194813216,26.823876983211743,26.872604488978133,74100
2017-02-22,26.921329498291016,26.970053901598643,26.848239795389386,26.848239795389386,48600
2017-02-23,26.970060348510742,26.978183149630475,26.90509342925751,26.978183149630475,28500
2017-02-24,26.978181838989258,26.986301541773596,26.921334625676558,26.93757403124523,30600
2017-02-27,26.945695877075195,26.994423385876765,26.945695877075195,26.95381557957179,34700
2017-02-28,26.945695877075195,26.9863005854395,26.921333671644742,26.921333671644742,45100
2017-03-01,26.986291885375977,27.002534383073442,26.937564392283576,26.994414683194545,38800
2017-03-02,26.894432067871094,26.94321079140559,26.870039604709927,26.918821429638342,40500
2017-03-03,26.88629150390625,26.9188127099908,26.845641546997022,26.878162753081572,25100
2017-03-06,26.902557373046875,26.918817979272113,26.84564680195529,26.918817979272113,47300
2017-03-07,26.837512969970703,26.894426638260736,26.829384218154008,26.894426638260736,85600
2017-03-08,26.748088836669922,26.83751752741317,26.748088836669922,26.83751752741317,57000
2017-03-09,26.723695755004883,26.788738184649592,26.65865642675392,26.788738184649592,37800
2017-03-10,26.764341354370117,26.788733812202427,26.70743078841679,26.74808385100623,139700
2017-03-13,26.764341354370117,26.8131231686415,26.739951997931044,26.8131231686415,62300
2017-03-14,26.75621223449707,26.788733443563803,26.69930166932689,26.69930166932689,24800
2017-03-15,26.910682678222656,26.967593242024034,26.75621159096079,26.75621159096079,54300
2017-03-16,26.918821334838867,26.98386066645379,26.910689480015808,26.98386066645379,47900
2017-03-17,26.983861923217773,27.000122532227312,26.951343806592742,26.96760131420823,19300
2017-03-20,27.000118255615234,27.00825010952901,26.96759704274727,26.991989503095024,34900
2017-03-21,26.902557373046875,27.048899727680517,26.902557373046875,27.048899727680517,33700
2017-03-22,26.99199676513672,27.000125519843927,26.902564956385472,26.902564956385472,46300
2017-03-23,26.95947265625,27.03264384635605,26.943212047182648,27.008254483452053,33200
2017-03-24,27.016366958618164,27.032627557887714,26.95945641187083,26.97571701114038,49400
2017-03-27,27.040771484375,27.05703209277137,26.95947154378709,27.032642730873782,70700
2017-03-28,27.065168380737305,27.097689602856775,27.016386547558103,27.073297135569952,39300
2017-03-29,27.122079849243164,27.122079849243164,27.04077679130506,27.06516925938376,38900
2017-03-30,27.057031631469727,27.12207406394628,27.03264226998796,27.12207406394628,29800
2017-03-31,27.09768295288086,27.09768295288086,27.024511771766033,27.0814223458116,20900
2017-04-03,27.11393928527832,27.11393928527832,27.032639354843727,27.032639354843727,108300
2017-04-04,27.086231231689453,27.126961784965545,27.078086364051043,27.118816917327134,127200
2017-04-05,27.110679626464844,27.21658159275226,27.09438677722499,27.21658159275226,64000
2017-04-06,27.13512420654297,27.135124206542965,27.08624565206412,27.126976227024656,58200
2017-04-07,27.09439468383789,27.159566099815446,27.078104937387653,27.159566099815446,49300
2017-04-10,27.11883544921875,27.11883544921875,27.07810486810906,27.102542595266048,56100
2017-04-11,27.184003829956055,27.184003829956055,27.08624981352337,27.15142122950793,45200
2017-04-12,27.200298309326172,27.200298309326172,27.102544287052126,27.143274870704285,30800
2017-04-13,27.192148208618164,27.208441060456014,27.10253907728188,27.208441060456014,37100
2017-04-17,27.20843505859375,27.224724799294528,27.14326366561841,27.18399423245647,58000
2017-04-18,27.232877731323242,27.241022603155326,27.15956145466,27.15956145466,59700
2017-04-19,27.192148208618164,27.241023656587963,27.15956250494247,27.241023656587963,39600
2017-04-20,27.232877731323242,27.241022603155326,27.183999177699874,27.232877731323242,75700
2017-04-21,27.2247314453125,27.25731714975489,27.216586572973807,27.232879425195005,30300
2017-04-24,27.330636978149414,27.452831831895825,27.281761522686224,27.452831831895825,43800
2017-04-25,27.346921920776367,27.395800469642776,27.33062907115423,27.38765249106005,89700
2017-04-26,27.371362686157227,27.379510665646315,27.314339259908273,27.346924962777294,46900
2017-04-27,27.395801544189453,27.395801544189453,27.338778122047003,27.36321584366707,65700
2017-04-28,27.395801544189453,27.395801544189453,27.322485271785812,27.34692299340588,49900
2017-05-01,27.395801544189453,27.517993259833226,27.355070972308194,27.517993259833226,26500
2017-05-02,27.42598533630371,27.45046037286161,27.36888210415655,27.393357140714446,126200
2017-05-03,27.39335823059082,27.425986427478232,27.368883193059155,27.368883193059155,37400
2017-05-04,27.40152359008789,27.40967986404171,27.319948402974028,27.40967986404171,80900
2017-05-05,27.474931716918945,27.474931716918945,27.37704090843429,27.442300410126496,63300
2017-05-08,27.40152359008789,27.434154909691,27.36889227048478,27.434154909691,36900
2017-05-09,27.41782569885254,27.41782569885254,27.377038125454536,27.41782569885254,41200
2017-05-10,27.41782569885254,27.434141350590217,27.393353777192214,27.401510047114865,65500
2017-05-11,27.39335823059082,27.425986427478232,27.336251884278855,27.368883193059155,90900
2017-05-12,27.49125099182129,27.49125099182129,27.401516442267393,27.450463408904,76800
2017-05-15,27.53205108642578,27.53205108642578,27.483104097545663,27.483104097545663,40200
2017-05-16,27.564674377441406,27.57283065059667,27.523886787877856,27.53204306103312,56800
2017-05-17,27.499414443969727,27.564677083192482,27.48309878416404,27.50757382981953,80300
2017-05-18,27.499414443969727,27.532045763581102,27.43415491664089,27.491258170013843,69300
2017-05-19,27.61361312866211,27.629928783846093,27.474934727437788,27.556509891464678,46100
2017-05-22,27.638078689575195,27.638078689575195,27.572816091219483,27.629919308834747,35300
2017-05-23,27.55650520324707,27.662555387954026,27.540189550838885,27.64623973554584,49800
2017-05-24,27.605449676513672,27.662552898857882,27.556502723693395,27.556502723693395,64800
2017-05-25,27.678861618041992,27.695177264896074,27.61359903062566,27.61359903062566,49100
2017-05-26,27.678861618041992,27.695177264896074,27.572811469436175,27.678861618041992,88700
2017-05-30,27.70334243774414,27.711501819739777,27.670711133546494,27.67887051554213,86900
2017-05-31,27.70334243774414,27.727817471838602,27.670711133546494,27.711501819739777,133100
2017-06-01,27.776769638061523,27.77676963806152,27.703350737567003,27.703350737567003,32200
2017-06-02,27.8780517578125,27.902555346905284,27.8372114040181,27.85354505280045,72600
2017-06-05,27.83721160888672,27.878051962981683,27.80453807924303,27.878051962981683,55900
2017-06-06,27.86171531677246,27.878052081663853,27.796368257206893,27.837211727395022,37400
2017-06-07,27.85354232788086,27.90255261719101,27.7963652149785,27.84537550428865,45700
2017-06-08,27.82087516784668,27.869882346963273,27.79636846236906,27.81270522738103,45200
2017-06-09,27.804534912109375,27.845375261552334,27.739187860265492,27.81270173563039,44600
2017-06-12,27.763689041137695,27.780022684931367,27.73101552171373,27.747352281425712,31700
2017-06-13,27.83721160888672,27.845378433337995,27.755527784777502,27.788201314421187,52600
2017-06-14,27.894386291503906,27.935226642031868,27.853542825056927,27.878049528108917,39900
2017-06-15,27.788198471069336,27.829038820985424,27.72285141846842,27.829038820985424,66700
2017-06-16,27.85354232788086,27.85354232788086,27.812701978081883,27.820871917593056,102700
2017-06-19,27.82904624938965,27.95973727355785,27.82904624938965,27.95973727355785,48200
2017-06-20,27.86171531677246,27.894388846555245,27.812705022098285,27.894388846555245,61200
2017-06-21,27.804534912109375,27.861712024513302,27.78002820970845,27.861712024513302,49500
2017-06-22,27.86171531677246,27.878052081663853,27.82087496250363,27.837211727395022,47900
2017-06-23,27.88621711730957,27.894387057190833,27.812703237973714,27.861713529503987,54800
2017-06-26,27.910728454589844,27.976075528107298,27.894394802130446,27.935235165118872,39900
2017-06-27,27.755542755126953,27.902570601905833,27.755542755126953,27.8698970546392,78600
2017-06-28,27.88621711730957,27.894387057190833,27.788199650168128,27.84537676566056,39600
2017-06-29,27.731016159057617,27.82903360366394,27.714679398970166,27.82903360366394,57800
2017-06-30,27.755542755126953,27.796383131249762,27.739205981493637,27.77187952876027,24300
2017-07-03,27.731016159057617,28.11491911539838,27.731016159057617,28.11491911539838,16500
2017-07-05,27.755542755126953,27.755542755126953,27.6656920581042,27.731039152637464,86600
2017-07-06,27.592296600341797,27.674320763952164,27.584095748431714,27.641511098508015,44300
2017-07-07,27.61690330505371,27.674321786152777,27.518477433987645,27.633308138381725,52400
2017-07-10,27.698936462402344,27.715341301055155,27.608711414263414,27.666126785096726,46200
2017-07-11,27.70713233947754,27.723537175183093,27.641516125557803,27.715336321781557,69100
2017-07-12,27.8465633392334,27.862968169908328,27.77274316564698,27.78094401653368,77900
2017-07-13,27.854766845703125,27.871171677942037,27.789150645649293,27.871171677942037,88300
2017-07-14,27.928600311279297,27.9368042957521,27.838375255498335,27.887589775625216,48700
2017-07-17,27.928600311279297,27.97781483140618,27.879388920055725,27.928600311279297,43600
2017-07-18,27.961406707763672,27.98601240048593,27.920396176925593,27.928597031532032,45900
2017-07-19,27.994216918945312,28.043428305330227,27.97781208051601,27.994216918945312,46200
2017-07-20,28.068025588989258,28.08443042067473,27.994205410855496,28.051620757303787,29100
2017-07-21,28.02702522277832,28.076239741149497,28.00241952804433,28.076239741149497,46100
2017-07-24,28.043426513671875,28.0598313510531,27.994215130431012,28.043426513671875,28400
2017-07-25,28.00240707397461,28.051621570457637,27.969597409652586,28.051621570457637,56000
2017-07-26,28.068025588989258,28.08443042067473,27.986001430561906,28.01061024254097,43900
2017-07-27,28.00240707397461,28.05982242208724,27.969597409652586,28.051621570457637,57000
2017-07-28,28.051626205444336,28.051626205444336,27.953200325117113,28.018816535701156,37400
2017-07-31,28.018810272216797,28.068024765829882,28.01060942106543,28.043415954572527,66300
2017-08-01,28.13365364074707,28.14185762449735,28.043428592912147,28.09264310870475,42200
2017-08-02,28.089298248291016,28.146790712072992,28.081083248833995,28.081083248833995,33400
2017-08-03,28.138593673706055,28.146808678406778,28.064674296931,28.138593673706055,25700
2017-08-04,28.13037109375,28.146797963791954,28.064663613582177,28.146797963791954,45800
2017-08-07,28.09752655029297,28.15501904770518,28.09752655029297,28.122168429974007,51000
2017-08-08,28.11393165588379,28.154997246078498,28.089292928387703,28.12214665378495,111100
2017-08-09,28.11393165588379,28.12214665378495,28.03180047549437,28.04001234029183,48300
2017-08-10,28.007171630859375,28.06466411047158,27.957894152966144,28.06466411047158,56600
2017-08-11,28.007171630859375,28.02359850119217,27.93325228091437,27.990747893631735,35700
2017-08-14,28.089298248291016,28.097510114643743,28.00716391924227,28.031805784509043,47400
2017-08-15,28.007171630859375,28.048240373243942,27.982532891912758,28.031813502911145,29700
2017-08-16,28.056440353393555,28.105720943510086,28.0235866266492,28.04001349002138,45100
2017-08-17,27.9578914642334,28.072876412399616,27.9578914642334,28.031810807069515,59600
2017-08-18,28.007171630859375,28.048240373243942,27.966106021579964,28.048240373243942,72300
2017-08-21,28.023591995239258,28.03180699505104,27.966099528974492,28.023591995239258,19700
2017-08-22,28.040008544921875,28.097500990033286,28.023581684446718,28.040008544921875,44100
2017-08-23,28.11393165588379,28.11393165588379,28.015373612795745,28.03180047549437,41700
2017-08-24,28.040008544921875,28.12214284729766,28.040008544921875,28.08107412955813,79700
2017-08-25,28.10572052001953,28.15499797628973,28.089293656894867,28.13035924815463,92500
2017-08-28,28.14678955078125,28.15500141679517,28.08108209025324,28.12215081963533,54300
2017-08-29,28.122154235839844,28.16321983710631,28.089300501584855,28.113939235723826,66000
2017-08-30,28.11393165588379,28.163212243979658,28.07286606568908,28.12214665378495,64000
2017-08-31,28.26178741455078,28.26999928432488,28.163229311733602,28.196083057041193,37900
2017-09-01,28.253568649291992,28.28641925347656,28.19607617558795,28.28641925347656,60500
2017-09-05,28.220714569091797,28.261780173652145,28.17964896453145,28.220714569091797,578000
2017-09-06,28.25196075439453,28.309533642861567,28.227287555762118,28.309533642861567,62300
2017-09-07,28.334218978881836,28.350668829024173,28.26019622198537,28.3177691287395,39200
2017-09-08,28.32598114013672,28.350657474211083,28.28485809999525,28.334207630657126,40900
2017-09-11,28.367107391357422,28.400003941063833,28.334207704164157,28.400003941063833,19700
2017-09-12,28.35887908935547,28.36710557937174,28.293082856658614,28.293082856658614,32000
2017-09-13,28.293087005615234,28.34243340300247,28.293087005615238,28.309533713086235,34200
2017-09-14,28.301313400268555,28.325986601613256,28.235517150853532,28.235517150853532,64700
2017-09-15,28.334218978881836,28.34244233520895,28.276646072127708,28.334218978881836,204500
2017-09-18,28.35887908935547,28.375328931901347,28.309529561717834,28.35887908935547,71300
2017-09-19,28.35887908935547,28.35887908935547,28.317756051734104,28.35887908935547,41900
2017-09-20,28.28486442565918,28.383560371568564,28.260191223553722,28.358887169463106,133500
2017-09-21,28.301313400268555,28.358886295064494,28.284863553542934,28.342436448338873,47200
2017-09-22,28.32598114013672,28.34243098369068,28.293084590515654,28.317757787103165,52700
2017-09-25,28.32598114013672,28.325981140136722,28.293084590515654,28.301307943549208,43700
2017-09-26,28.317752838134766,28.34242603041025,28.27662980518019,28.32597618973116,83200
2017-09-27,28.25196075439453,28.293086935431365,28.25196075439453,28.293086935431365,53600
2017-09-28,28.30953025817871,28.30953025817871,28.16971129932896,28.16971129932896,65700
2017-09-29,28.35887908935547,28.35887908935547,28.276633014112736,28.301306209188226,38900
2017-10-02,28.367107391357422,28.37533074441231,28.30953137002578,28.325981213622413,72300
2017-10-03,28.416555404663086,28.433038702914406,28.342382134465993,28.433038702914406,101200
2017-10-04,28.43303871154785,28.43303871154785,28.367105518522557,28.367105518522557,41400
2017-10-05,28.4412841796875,28.449527402311976,28.383594196789275,28.4330441009313,33100
2017-10-06,28.383588790893555,28.43303868561743,28.34238211722417,28.350625338278654,57000
2017-10-09,28.416555404663086,28.44952200116572,28.375348730968632,28.44952200116572,58900
2017-10-10,28.482486724853516,28.498970022021005,28.43303683335105,28.457760207168544,63800
2017-10-11,28.507225036621094,28.507225036621094,28.433051732433892,28.490741730816257,35700
2017-10-12,28.515466690063477,28.53194999677728,28.49074330192742,28.53194999677728,35700
2017-10-13,28.606115341186523,28.606115341186523,28.531942053558716,28.58963203906163,50800
2017-10-16,28.581392288208008,28.614358892836435,28.531942381265367,28.589632367430887,57500
2017-10-17,28.581392288208008,28.59787559052222,28.54842568357958,28.59787559052222,83900
2017-10-18,28.556669235229492,28.564909314547176,28.523702630221766,28.523702630221766,35900
2017-10-19,28.53193473815918,28.56490133395655,28.515451440260495,28.523694661143644,49400
2017-10-20,28.548416137695312,28.56489943449792,28.49072617081989,28.56489943449792,51800
2017-10-23,28.523704528808594,28.61436112667985,28.515461305073732,28.61436112667985,43300
2017-10-24,28.515466690063477,28.523709915355024,28.515466690063477,28.523709915355024,46600
2017-10-25,28.44952392578125,28.482490524514084,28.367107428949165,28.466007225147667,87700
2017-10-26,28.466005325317383,28.498971921850014,28.441278805984066,28.498971921850014,70200
2017-10-27,28.54018211364746,28.548422191862507,28.433042233643427,28.548422191862507,113400
2017-10-30,28.556669235229492,28.564909314547176,28.507219327717905,28.53194270953945,64900
2017-10-31,28.556669235229492,28.606115998872585,28.53194270953945,28.564909314547176,95600
2017-11-01,28.59786033630371,28.845103451399495,28.556653674432212,28.845103451399495,72400
2017-11-02,28.63170623779297,28.67296166822974,28.582197832716293,28.67296166822974,95800
2017-11-03,28.63170623779297,28.64820903948519,28.59870063440852,28.63170623779297,67800
2017-11-06,28.681201934814453,28.689454906703347,28.598691101444714,28.598691101444714,55500
2017-11-07,28.582199096679688,28.681212763624043,28.582199096679688,28.681212763624043,111400
2017-11-08,28.62344741821289,28.68945861150223,28.62344741821289,28.664705987812198,113500
2017-11-09,28.598697662353516,28.615200462330726,28.516186810054727,28.615200462330726,84800
2017-11-10,28.52442169189453,28.549174305098465,28.425408091493185,28.532674661352914,34700
2017-11-13,28.51617431640625,28.524424138986774,28.433660352671637,28.450163145418557,53900
2017-11-14,28.483192443847656,28.51619805681946,28.450186830875854,28.450186830875854,51300
2017-11-15,28.50792694091797,28.516179912704015,28.441918904562083,28.48317432073282,71300
2017-11-16,28.582199096679688,28.5987018991017,28.491435257152478,28.573949269262542,135800
2017-11-17,28.590450286865234,28.598700113767364,28.53269205578773,28.582197312375577,59000
2017-11-20,28.573938369750977,28.606940814418518,28.55743557362395,28.59044116587801,75700
2017-11-21,28.648204803466797,28.697710053635877,28.615199204962664,28.623449030795136,71800
2017-11-22,28.730710983276367,28.730710983276367,28.66470294458181,28.681202593565494,186100
2017-11-24,28.75545883178711,28.788464419449745,28.714203421001855,28.714203421001855,49300
2017-11-27,28.722471237182617,28.771976496677734,28.68946563246073,28.763726669291117,164000
2017-11-28,28.75545883178711,28.788464419449745,28.730706214833173,28.75545883178711,332000
2017-11-29,28.664709091186523,28.771972570514134,28.664709091186523,28.747219944144266,548700
2017-11-30,28.74721908569336,28.763721885309558,28.70596366044646,28.755468911707865,163800
2017-12-01,28.71421241760254,28.77197064031564,28.705962591895123,28.738968189898916,756100
2017-12-04,28.749238967895508,28.840956887721394,28.724226146369958,28.807604338571227,86300
2017-12-05,28.749238967895508,28.757578695520127,28.71588641874534,28.74090242094504,94600
2017-12-06,28.707534790039062,28.799252661680157,28.707534790039062,28.799252661680157,62200
2017-12-07,28.69087791442871,28.78259584805569,28.69087791442871,28.699214462633602,44800
2017-12-08,28.79091453552246,28.815930525967477,28.707536382499494,28.740888915977745,77300
2017-12-11,28.77423858642578,28.865956464167123,28.7492257763773,28.865956464167123,242200
2017-12-12,28.79091453552246,28.799254259228352,28.732549192271854,28.782577992489227,93900
2017-12-13,28.857633590698242,28.899322687417765,28.765915669510772,28.824281041052945,79400
2017-12-14,28.832616806030273,28.90765526140757,28.774248261836107,28.90765526140757,93200
2017-12-15,28.799264907836914,28.8826430916892,28.707546997195106,28.84095399976306,58100
2017-12-18,28.89932632446289,28.93267887830568,28.8576372224967,28.924339149507684,636800
2017-12-19,28.799264907836914,28.932671910404867,28.79092518104739,28.932671910404867,114000
2017-12-20,28.765897750854492,28.82426308604013,28.732545221984925,28.82426308604013,111000
2017-12-21,28.765897750854492,28.8492758923562,28.74922148641971,28.74922148641971,116700
2017-12-22,28.77423858642578,28.824267387195427,28.7492257763773,28.77423858642578,72300
2017-12-26,28.840957641601562,28.84929418876994,28.78259226940022,28.815944819422196,82300
2017-12-27,28.86595916748047,28.87429889205944,28.799257274213623,28.86595916748047,86300
2017-12-28,28.904386520385742,28.92108981283275,28.854276643044717,28.896033281248595,66500
2017-12-29,28.937786102294922,28.971189493277986,28.91272957677448,28.94613615358406,239000
2018-01-02,28.987899780273438,28.987899780273438,28.879333158170684,28.929439849655868,79000
2018-01-03,29.012958526611328,29.021308580553853,28.946145351761043,28.962848645473613,78600
2018-01-04,29.0714111328125,29.104814525989152,29.01295121246996,29.021301264307443,122500
2018-01-05,29.154916763305664,29.15491676330566,29.054700238353565,29.113160143394445,54200
2018-01-08,29.154916763305664,29.15491676330566,29.104806907916668,29.12986342852411,66700
2018-01-09,29.11316680908203,29.179976779071467,29.08811346856432,29.15492343855376,80300
2018-01-10,29.088109970092773,29.0964600206522,29.012946771753015,29.054703396202605,50900
2018-01-11,29.138219833374023,29.16327317361984,29.096463204355466,29.113166493128205,131500
2018-01-12,29.230087280273438,29.230087280273438,29.121517492629522,29.129870730201116,50100
2018-01-16,29.179973602294922,29.271840088627332,29.154920264504728,29.271840088627332,219700
2018-01-17,29.205045700073242,29.271855698416925,29.171639107987417,29.246802347266538,89900
2018-01-18,29.1716251373291,29.23008505256812,29.138218561242105,29.213381764524623,75800
2018-01-19,29.188323974609375,29.26348716643068,29.171620689112867,29.213377309941155,86300
2018-01-22,29.263498306274414,29.263498306274414,29.21338843070938,29.25514506743332,94100
2018-01-23,29.321958541870117,29.355365125929925,29.263498612679054,29.271848665780407,97700
2018-01-24,29.288558959960938,29.44723549343975,29.288558959960938,29.355372144053888,131500
2018-01-25,29.39712905883789,29.455589002537476,29.31361257796134,29.422182410186856,63100
2018-01-26,29.430513381958008,29.455566714349832,29.372050296667776,29.413810098421596,70200
2018-01-29,29.347002029418945,29.38875865255416,29.29689535598714,29.37205536613485,83500
2018-01-30,29.188323974609375,29.280190451927187,29.15491740361636,29.23843064527294,71000
2018-01-31,29.230087280273438,29.26349385890644,29.13822078194602,29.246790569589937,99200
2018-02-01,29.11316680908203,29.230086645933508,29.11316680908203,29.188330016461784,107400
2018-02-02,28.83045768737793,29.106465622120826,28.822091973564067,29.022827627492063,123800
2018-02-05,28.479183197021484,28.855560714017237,28.47918319702148,28.797013454771932,70700
2018-02-06,28.721742630004883,28.721742630004883,28.35373077043188,28.454097061117814,101700
2018-02-07,28.5377197265625,28.7886369133569,28.529357202922913,28.629723439523644,139200
2018-02-08,28.336984634399414,28.6129925571885,28.336984634399414,28.6129925571885,66000
2018-02-09,28.378814697265625,28.387177223393607,28.13625996193506,28.387177223393607,110500
2018-02-12,28.46245002746582,28.529362992501987,28.3788120117564,28.437359260870153,71100
2018-02-13,28.495922088623047,28.504287809118974,28.403918306693008,28.420646557097335,49100
2018-02-14,28.60464096069336,28.60464096069336,28.31190149918086,28.412270955429403,47500
2018-02-15,28.7468318939209,28.755197612213973,28.5711900968066,28.679922100509746,46800
2018-02-16,28.797008514404297,28.880646530238405,28.679914016002233,28.679914016002233,74800
2018-02-20,28.688283920288086,28.730102938961444,28.654827429114757,28.721740411461415,38600
2018-02-21,28.646469116210938,28.813748406101848,28.62974086816314,28.738472885180293,57400
2018-02-22,28.562828063964844,28.713379089981665,28.562828063964844,28.5879188381054,42400
2018-02-23,28.77191925048828,28.77191925048828,28.58791177733985,28.730097049801127,51600
2018-02-26,28.855562210083008,28.914109472363794,28.80537747501955,28.914109472363794,51400
2018-02-27,28.688283920288086,28.89738220424148,28.654827429114757,28.89738220424148,71800
2018-02-28,28.671550750732422,28.84719570393434,28.646459981954745,28.84719570393434,63100
2018-03-01,28.59628677368164,28.679928020945113,28.50428618757284,28.5628334653636,76600
2018-03-02,28.59125328063965,28.59125328063965,28.457258077241654,28.557753681115738,88800
2018-03-05,28.658248901367188,28.666622202853837,28.54100351237062,28.557750115343918,48800
2018-03-06,28.6666202545166,28.70011984758088,28.599624263085076,28.599624263085076,76100
2018-03-07,28.700109481811523,28.700109481811523,28.65823660295314,28.65823660295314,63100
2018-03-08,28.758747100830078,28.758747100830078,28.649875003446525,28.66662480263611,27800
2018-03-09,28.850862503051758,28.850862503051758,28.708490841318895,28.77549002206301,39600
2018-03-12,28.867618560791016,28.884368359610754,28.8173691643318,28.842492265212673,59200
2018-03-13,28.825748443603516,28.909497455068117,28.817375139806117,28.85087474439196,33000
2018-03-14,28.834110260009766,28.867609847537896,28.80898716671192,28.850860053773832,22000
2018-03-15,28.825748443603516,28.85087474439196,28.77550223142288,28.85087474439196,41000
2018-03-16,28.80061912536621,28.842492024717675,28.750372924023427,28.767119528006063,33800
2018-03-19,28.700109481811523,28.733609062776583,28.64148681247061,28.65823660295314,50200
2018-03-20,28.675010681152344,28.70850709579297,28.658260876482743,28.658260876482743,28300
2018-03-21,28.6666202545166,28.70011984758088,28.641497157066908,28.649870457984463,30300
2018-03-22,28.582876205444336,28.66662199850283,28.524253511363945,28.641498899524727,62700
2018-03-23,28.348388671875,28.52425998875086,28.348388671875,28.52425998875086,62200
2018-03-26,28.557756423950195,28.57450622532089,28.457260810423993,28.541009817277455,40300
2018-03-27,28.51586151123047,28.641483327215138,28.49911172278615,28.633106835645233,34300
2018-03-28,28.549381256103516,28.55775455889304,28.482382054996346,28.515881655549933,27400
2018-03-29,28.691743850708008,28.716870143291498,28.52425227186921,28.59124826446531,58200
2018-04-02,28.51586151123047,28.633106835645233,28.43211576370435,28.633106835645233,91300
2018-04-03,28.565391540527344,28.607349464879533,28.447908071867438,28.607349464879533,32600
2018-04-04,28.573776245117188,28.573776245117188,28.35559316053404,28.363983463286395,109600
2018-04-05,28.598960876464844,28.65770261431939,28.590567370380125,28.590567370380125,60300
2018-04-06,28.5234375,28.68287891472205,28.473086063210733,28.5737857356044,23900
2018-04-09,28.61573600769043,28.682871238776443,28.556994281082176,28.607345704396685,20900
2018-04-10,28.733238220214844,28.750018835888497,28.649319135917843,28.70806089433287,74900
2018-04-11,28.699657440185547,28.75000566651524,28.65769951784938,28.682873631014225,29100
2018-04-12,28.708053588867188,28.750011519745595,28.666095657988784,28.699663283165478,40800
2018-04-13,28.649316787719727,28.741626172287553,28.607358849603116,28.733235865138425,36300
2018-04-16,28.758399963378906,28.758399963378906,28.624132687496374,28.708048534478817,49200
2018-04-17,28.80875015258789,28.825530760314788,28.74161491694339,28.791966343676766,22700
2018-04-18,28.81712532043457,28.87586702017768,28.783557720243493,28.87586702017768,47900
2018-04-19,28.733238220214844,28.783586469607297,28.67449326061407,28.783586469607297,37300
2018-04-20,28.632516860961914,28.716435891160085,28.598952450066324,28.716435891160085,51300
2018-04-23,28.548593521118164,28.632509328055306,28.52341941927359,28.624119027834727,104800
2018-04-24,28.4898624420166,28.615736199370012,28.4479045228988,28.615736199370012,41800
2018-04-25,28.481464385986328,28.489857889178978,28.372374453950023,28.456290278775416,33700
2018-04-26,28.59056854248047,28.59896204890929,28.464691555526194,28.49825917887197,25800
2018-04-27,28.607345581054688,28.640913196452967,28.55699415795727,28.640913196452967,33000
2018-04-30,28.531824111938477,28.64930758138636,28.531824111938477,28.556998226481753,30300
2018-05-01,28.506643295288086,28.582168822345793,28.43111776823038,28.582168822345793,55000
2018-05-02,28.446983337402344,28.547831676733036,28.446983337402344,28.53942604555098,29100
2018-05-03,28.463794708251953,28.522621310140067,28.396565680012408,28.455392281900522,47900
2018-05-04,28.581443786621094,28.581443786621094,28.463790599826766,28.480598655912942,62600
2018-05-07,28.53942108154297,28.58143961271776,28.531018657631385,28.531018657631385,54600
2018-05-08,28.531021118164062,28.547829173245205,28.4637888978395,28.53942354280028,33600
2018-05-09,28.57303810119629,28.581440525376177,28.497403460343133,28.497403460343133,71900
2018-05-10,28.682302474975586,28.699110537128025,28.631878288518276,28.640283922499524,71000
2018-05-11,28.724323272705078,28.741131336171325,28.690707145772578,28.732725701533045,35400
2018-05-14,28.690702438354492,28.741126620479907,28.68230001090515,28.68230001090515,152800
2018-05-15,28.531021118164062,28.665482353004478,28.51421306308292,28.665482353004478,37800
2018-05-16,28.581443786621094,28.59825184270727,28.547830880257646,28.581443786621094,28000
2018-05-17,28.581443786621094,28.589849417568633,28.52261719322393,28.589849417568633,39400
2018-05-18,28.531021118164062,28.564637228326344,28.51421306308292,28.53942354280028,39000
2018-05-21,28.631872177124023,28.64868023568883,28.589853633616706,28.589853633616706,35800
2018-05-22,28.623464584350586,28.682291175804796,28.615058953680673,28.64027263988162,36100
2018-05-23,28.631872177124023,28.66548829425363,28.5394294579223,28.573045575051903,41600
2018-05-24,28.648662567138672,28.67387303653308,28.598238422542455,28.648662567138672,29400
2018-05-25,28.67388153076172,28.699095213432724,28.63186300072118,28.66547910707695,31700
2018-05-29,28.64027214050293,28.65707698993215,28.564637494836475,28.64027214050293,43000
2018-05-30,28.690702438354492,28.69910807161362,28.60666534062192,28.60666534062192,25500
2018-05-31,28.631872177124023,28.70750683776095,28.623469750746313,28.673890720631345,43000
2018-06-01,28.71589469909668,28.71589469909668,28.631857654706625,28.631857654706625,29500
2018-06-04,28.68980598449707,28.757131521550928,28.68980598449707,28.748717033323466,32300
2018-06-05,28.71506118774414,28.74031108074832,28.672982313286955,28.723478888882976,29400
2018-06-06,28.740318298339844,28.740318298339844,28.664575021130474,28.681407217222905,29500
2018-06-07,28.706640243530273,28.773965785443973,28.698222544283805,28.723472431611604,27400
2018-06-08,28.740318298339844,28.773979480111567,28.68982171006255,28.706653906154983,30600
2018-06-11,28.731904983520508,28.782401579510516,28.70665829073232,28.715072784857174,67200
2018-06-12,28.68980598449707,28.757131521550928,28.681391496269608,28.731884846457156,37100
2018-06-13,28.740318298339844,28.773979480111567,28.715068398994628,28.715068398994628,53700
2018-06-14,28.790815353393555,28.799233057721455,28.740321969080338,28.7824008594792,48900
2018-06-15,28.740318298339844,28.799229379456786,28.706653906154983,28.799229379456786,29000
2018-06-18,28.71506118774414,28.73189337960948,28.65615012142161,28.6982289958788,45800
2018-06-19,28.681396484375,28.681396484375,28.59723553540666,28.630899914993996,38200
2018-06-20,28.639310836791992,28.723471775275538,28.639310836791992,28.698221888524706,64200
2018-06-21,28.614072799682617,28.681401570797522,28.571993922942056,28.647737185240068,52000
2018-06-22,28.630889892578125,28.698215417773152,28.630889892578125,28.664554260381045,23200
2018-06-25,28.546751022338867,28.639326500096004,28.487839938386742,28.6224943031935,28200
2018-06-26,28.529918670654297,28.588829747657673,28.496254280820107,28.513086475737204,36400
2018-06-27,28.521499633789062,28.622489588154533,28.47942075367118,28.580410708036652,33700
2018-06-28,28.563570022583008,28.571987722351846,28.47099779800847,28.521491154974253,50300
2018-06-29,28.614072799682617,28.65615167642318,28.546744028567712,28.546744028567712,27400
2018-07-02,28.55516242980957,28.55516242980957,28.428922586082304,28.428922586082304,55500
2018-07-03,28.517955780029297,28.63632211437288,28.517955780029297,28.57713894720109,25900
2018-07-05,28.636333465576172,28.661699993876816,28.58560685945887,28.58560685945887,35500
2018-07-06,28.763134002685547,28.796953863886653,28.636311135801144,28.661677644321713,45400
2018-07-09,28.813875198364258,28.847691847709743,28.763145386484894,28.763145386484894,38300
2018-07-10,28.847694396972656,28.8561509789869,28.763147928276457,28.847694396972656,36900
2018-07-11,28.72932243347168,28.822325465997935,28.687049207388952,28.76314230443403,35500
2018-07-12,28.813875198364258,28.847691847709743,28.746235449191772,28.763145386484894,60300
2018-07-13,28.847694396972656,28.87306091777435,28.805421162624558,28.813877744638802,39500
2018-07-16,28.83078384399414,28.88151365927577,28.80542054897381,28.85615036425544,32900
2018-07-17,28.839235305786133,28.889961886820927,28.780052144418608,28.796962079843674,91600
2018-07-18,28.839235305786133,28.889961886820927,28.813872015268736,28.8307787254534,49200
2018-07-19,28.839235305786133,28.881508531728596,28.78850549951094,28.78850549951094,26000
2018-07-20,28.83078384399414,28.88151365927577,28.813877130807903,28.813877130807903,30200
2018-07-23,28.796966552734375,28.830783203596674,28.77160003303652,28.813876490785976,26800
2018-07-24,28.822322845458984,28.8476861337545,28.780049623219757,28.80541291151527,41100
2018-07-25,28.957603454589844,28.957603454589844,28.813873832273792,28.813873832273792,76700
2018-07-26,28.923799514770508,28.957619406383582,28.873072902593282,28.932256100294968,42000
2018-07-27,28.923799514770508,28.957619406383582,28.889979623157437,28.957619406383582,14500
2018-07-30,28.856164932250977,28.906891547900898,28.856164932250977,28.864618293111764,38000
2018-07-31,28.881519317626953,28.93224914284737,28.864609375886815,28.873065959377687,34100
2018-08-01,28.87306785583496,28.88997457344397,28.805428084431654,28.82233802728248,26500
2018-08-02,28.84511375427246,28.870519454989378,28.760422700827135,28.785831632177413,34500
2018-08-03,28.955202102661133,28.955202102661133,28.785826487309567,28.785826487309567,24300
2018-08-06,28.904409408569336,28.938282615172557,28.8535947527122,28.870532971331247,49600
2018-08-07,28.938257217407227,28.963666138353,28.862040146466015,28.862040146466015,25200
2018-08-08,28.955202102661133,28.997549237131803,28.836637879661925,28.93826389499942,51500
2018-08-09,28.96367073059082,28.963670730590817,28.92979431771332,28.963670730590817,22000
2018-08-10,28.86205291748047,28.912864320591208,28.8451147062324,28.870520407787772,40900
2018-08-13,28.8196964263916,28.870511043654112,28.802758220637433,28.828167144584896,38800
2018-08-14,28.853586196899414,28.870524410495854,28.8027715561101,28.819709769706538,54700
2018-08-15,28.74347686767578,28.828167898661953,28.72653866147855,28.794291486267483,74800
2018-08-16,28.811220169067383,28.938251827608237,28.802749453452464,28.802749453452464,23900
2018-08-17,28.878984451293945,28.938266568269935,28.82817305424771,28.853578752770826,30700
2018-08-20,28.946754455566406,29.00603660770069,28.87900157847866,28.87900157847866,36700
2018-08-21,28.989076614379883,29.02295302747877,28.946732713322557,28.955200201280995,47700
2018-08-22,29.031417846679688,29.048356051672062,29.006012154507264,29.031417846679688,20500
2018-08-23,28.98061752319336,29.082243561302327,28.972146802148067,29.031428926931092,39300
2018-08-24,29.048376083374023,29.065314300046957,28.955217506990138,28.980626447316787,27800
2018-08-27,29.107643127441406,29.141519543214603,29.048361015154722,29.05683173441443,41600
2018-08-28,29.048376083374023,29.12459644308497,29.048376083374023,29.073785023700673,35900
2018-08-29,29.116121292114258,29.141526995124348,29.04836844324248,29.04836844324248,43900
2018-08-30,29.02296257019043,29.116121121526493,29.014491848814263,29.05683899442784,29300
2018-08-31,29.09071159362793,29.09071159362793,29.031429467740573,29.065305891285792,25400
2018-09-04,28.946754455566406,29.048380540563034,28.921348741976,29.022974826972625,33600
2018-09-05,28.878881454467773,28.95523585128226,28.87039583464632,28.921299844627885,34000
2018-09-06,28.878881454467773,28.97220385460945,28.878881454467773,28.895849457794963,106600
2018-09-07,28.819494247436523,28.870395019665494,28.79404062500641,28.79404062500641,38100
2018-09-10,28.827966690063477,28.878870681055044,28.827966690063477,28.83645230671933,52900
2018-09-11,28.819494247436523,28.853427016817296,28.79404062500641,28.836462250284725,57100
2018-09-12,28.895830154418945,28.929762902089397,28.827958186450925,28.827958186450925,25400
2018-09-13,28.955228805541992,28.98916156762371,28.91281042570364,28.938260806343663,30300
2018-09-14,28.887346267700195,28.972186232733566,28.887346267700195,28.94673262506668,35900
2018-09-17,28.878881454467773,28.95523585128226,28.878881454467773,28.895849457794963,50700
2018-09-18,28.895830154418945,28.955216508234184,28.887344540266163,28.887344540266163,91800
2018-09-19,28.946748733520508,28.963716735969633,28.895847962488684,28.90433034555547,25200
2018-09-20,29.031574249267578,29.04854224324398,28.946734279385563,28.9891526461696,40800
2018-09-21,29.006118774414062,29.048540374783396,28.989150781529077,29.014604389013424,25100
2018-09-24,28.989139556884766,28.997625168198482,28.92975322293867,28.997625168198482,54300
2018-09-25,28.989139556884766,29.048529127143343,28.94672120925362,29.048529127143343,34900
2018-09-26,29.006118774414062,29.057022753069024,28.955218032072832,29.006118774414062,63500
2018-09-27,28.99764633178711,29.040064710376807,28.963710334389415,28.972195951896257,23800
2018-09-28,29.006118774414062,29.040054760184038,28.97218602495782,28.997636396128435,39300
2018-10-01,28.989139556884766,29.057011502144583,28.93823883425238,29.03156114082839,52700
2018-10-02,28.945802688598633,29.0223340219913,28.928795365198567,28.971312051791102,36900
2018-10-03,28.90328025817871,28.971306294445185,28.886272938158438,28.962804256342356,103600
2018-10-04,28.733203887939453,28.860753893897748,28.699189255491685,28.818237225244985,26500
2018-10-05,28.639665603637695,28.75021153847143,28.58864365437276,28.716196905628138,36800
2018-10-08,28.605653762817383,28.648170436114327,28.55463505238675,28.588646444735758,95700
2018-10-09,28.614158630371094,28.682184657900567,28.580143994699256,28.605653349546035,49200
2018-10-10,28.35905647277832,28.597155715324494,28.35905647277832,28.597155715324494,70500
2018-10-11,28.282527923583984,28.41858325673391,28.180487234675294,28.36756453418707,110600
2018-10-12,28.308032989501953,28.44408828641679,28.25701103672858,28.393066333643418,183700
2018-10-15,28.342052459716797,28.384569139040693,28.291030498239298,28.299532536578194,29400
2018-10-16,28.461091995239258,28.503608661919024,28.36755338225553,28.36755338225553,63900
2018-10-17,28.435577392578125,28.512108684723955,28.401566007923822,28.452584706812033,56300
2018-10-18,28.299528121948242,28.410074065997346,28.2570114492568,28.359052112479098,41400
2018-10-19,28.274015426635742,28.39306339363242,28.257008110805675,28.316532094304012,41700
2018-10-22,28.248502731323242,28.444081974499696,28.248502731323242,28.325034021593456,108600
2018-10-23,28.26551628112793,28.282520354883065,28.120955703696126,28.163472375712253,383600
2018-10-24,27.984905242919922,28.27402320393075,27.97640320457315,28.223001242406,27700
2018-10-25,28.15497398376465,28.163476021742884,28.018918669410898,28.044428027160173,57700
2018-10-26,28.112449645996094,28.14646103245598,27.98489640437705,28.061427700585742,82000
2018-10-29,28.001920700073242,28.282533460461515,27.97641133380585,28.1549833853089,73400
2018-10-30,28.112449645996094,28.120951681657647,28.001903719513837,28.010405755175388,96400
2018-10-31,28.163471221923828,28.22299520907068,28.146463905051295,28.154969185394567,41900
2018-11-01,28.29103660583496,28.359062658676024,28.180490620675904,28.19749794484002,98900
2018-11-02,28.247587203979492,28.40092177396118,28.187957454495237,28.33277163193482,44200
2018-11-05,28.298696517944336,28.31573405146861,28.222029241873734,28.281658984420066,64100
2018-11-06,28.349794387817383,28.383869441066185,28.273127142795545,28.307202196044347,107200
2018-11-07,28.503135681152344,28.52017321184336,28.400913746582955,28.41795127727397,266700
2018-11-08,28.435007095336914,28.54574624168299,28.426486699723338,28.49463686631674,46200
2018-11-09,28.349794387817383,28.40942410621482,28.290164669419944,28.40942410621482,88600
2018-11-12,28.222021102905273,28.434985336175902,28.187946045683656,28.36683522173267,272400
2018-11-13,28.239065170288086,28.324249583490314,28.179435431131115,28.239065170288086,46300
2018-11-14,28.222021102905273,28.375355610826233,28.204983574294467,28.24757577103333,34100
2018-11-15,28.273136138916016,28.29869406177276,28.145359522940154,28.145359522940154,82600
2018-11-16,28.341293334960938,28.358330871255333,28.23907136677234,28.23907136677234,75800
2018-11-19,28.196470260620117,28.392400264021518,28.196470260620117,28.341287665363264,69300
2018-11-20,28.043142318725586,28.17092222067638,28.009070494506215,28.102775322659745,102500
2018-11-21,28.145355224609375,28.187947423430025,28.068687966901617,28.102763025788725,68300
2018-11-23,28.102771759033203,28.162401505828004,28.009066942762093,28.068696689556894,96000
2018-11-26,28.204992294311523,28.247584504218437,28.136842158798604,28.162400084404606,191600
2018-11-27,28.18794822692871,28.230540426963454,28.111280967035555,28.128318496964763,142300
2018-11-28,28.366846084594727,28.409438297643945,28.179439697262655,28.187956840041476,107400
2018-11-29,28.417949676513672,28.469059016131066,28.341282417511056,28.38387461705106,167500
2018-11-30,28.409425735473633,28.460538318278108,28.315724208029614,28.315724208029614,102300
2018-12-03,28.5712890625,28.588326595134163,28.434992051003768,28.511659323068965,105800
2018-12-04,28.35539436340332,28.594319308260545,28.31272965969428,28.551654604551505,79100
2018-12-06,28.338333129882812,28.338333129882812,28.17620592342899,28.193272459125527,142800
2018-12-07,28.22740364074707,28.372464301792814,28.159137502531216,28.363932662070148,136400
2018-12-10,28.15061378479004,28.23594322646414,28.039682906526068,28.20181014775068,240200
2018-12-11,28.19326400756836,28.31272646652374,28.167662584143727,28.31272646652374,1364100
2018-12-12,28.28713035583496,28.363928121479443,28.235930760369268,28.32979505783565,335900
2018-12-13,28.244468688964844,28.363934438323973,28.244468688964844,28.363934438323973,409600
2018-12-14,28.13353729248047,28.287132837243167,28.13353729248047,28.167667104010093,173900
2018-12-17,28.048198699951172,28.18472768254945,28.014068895632384,28.18472768254945,413900
2018-12-18,28.107929229736328,28.210328405477846,28.039666367682944,28.107929229736328,463400
2018-12-19,28.031143188476562,28.201805297583718,27.96288029789909,28.159140584084177,212200
2018-12-20,27.928741455078125,28.048203930239918,27.826345512812058,27.979941053765312,279300
2018-12-21,27.783681869506836,27.979942122642704,27.72395062964411,27.886077815684587,626600
2018-12-24,27.621543884277344,27.86047203357989,27.6130122473879,27.80074081003114,104700
2018-12-26,27.886077880859375,27.886077880859375,27.587421680847743,27.6130198536749,513800
2018-12-27,27.93729019165039,28.031151286421405,27.71542840918454,28.031151286421405,592100
2018-12-28,27.968997955322266,28.080425868164035,27.91756742415588,28.054712237475975,796400
2018-12-31,28.04613494873047,28.208993351112863,27.968990806593666,28.131849208976057,398000
2019-01-02,28.10613250732422,28.10613250732422,27.96041435711509,27.977557861244932,309000
2019-01-03,27.986133575439453,28.063277715544263,27.943273176656177,28.003273811205545,68600
2019-01-04,28.217571258544922,28.24328815954917,28.063286201471108,28.088999832685023,113800
2019-01-07,28.25185203552246,28.31185267495322,28.20042478446159,28.243281916942188,171200
2019-01-08,28.286142349243164,28.337572876093457,28.234711822392867,28.337572876093457,355500
2019-01-09,28.406147003173828,28.440434025130934,28.294715816708436,28.294715816708436,73700
2019-01-10,28.414714813232422,28.42328493214343,28.286140141039073,28.3204271562626,130900
2019-01-11,28.37185287475586,28.414713276361937,28.354712637860903,28.38899638144038,1275200
2019-01-14,28.38041877746582,28.38041877746582,28.320418154790353,28.320418154790353,352100
2019-01-15,28.406147003173828,28.431860634746464,28.337576229050004,28.337576229050004,89400
2019-01-16,28.49184799194336,28.500418107554488,28.371843484868172,28.380416870267787,75400
2019-01-17,28.500417709350586,28.543274826384405,28.414703475282952,28.414703475282952,176300
2019-01-18,28.603282928466797,28.637569938980697,28.55185568248524,28.55185568248524,158600
2019-01-22,28.517559051513672,28.62899016319768,28.474701937723882,28.603273279093255,633100
2019-01-23,28.526138305664062,28.620425948082733,28.491854565521194,28.517568188075654,187300
2019-01-24,28.57756996154785,28.689001113381565,28.55185633796675,28.55185633796675,319600
2019-01-25,28.680429458618164,28.69757296530455,28.646142445245395,28.671859340169757,155700
2019-01-28,28.611860275268555,28.620430394188308,28.551859633461053,28.620430394188308,581600
2019-01-29,28.637571334838867,28.671858347023992,28.61185771059475,28.65471484093143,191800
2019-01-30,28.783292770385742,28.817576516674706,28.646144706070604,28.646144706070604,195100
2019-01-31,28.920429229736328,28.928999346391116,28.800424708047156,28.81756821114561,186500
2019-02-01,28.860435485839844,28.954723151153182,28.843295246501082,28.946153031483803,108000
2019-02-04,28.91712188720703,28.91712188720703,28.831239255132477,28.86559361844726,142500
2019-02-05,28.994413375854492,29.020180782722495,28.960062293717048,28.985826424373116,130200
2019-02-06,28.960054397583008,29.028759819336887,28.934286997740646,29.02017287019679,53100
2019-02-07,28.8913631439209,28.951481652833607,28.831244635008186,28.951481652833607,72600
2019-02-08,28.899944305419922,28.899944305419922,28.839825815372887,28.839825815372887,46800
2019-02-11,28.899944305419922,28.942885615994665,28.882767125947627,28.908531257050075,65200
2019-02-12,28.994413375854492,29.003003603547803,28.942885114542356,28.960062293717048,177400
2019-02-13,28.960054397583008,29.07170111745944,28.96005439758301,28.994405470354426,75100
2019-02-14,29.020179748535156,29.054534105660256,28.985825391410057,29.01158952114797,60300
2019-02-15,29.09747314453125,29.106060095036888,29.063118790085586,29.063118790085586,46000
2019-02-19,29.209129333496094,29.209129333496094,29.106069513023115,29.12324669580405,41500
2019-02-20,29.183366775512695,29.23489832664205,29.174779821764204,29.209130912970974,34000
2019-02-21,29.131826400756836,29.191948163637434,29.123239449609212,29.191948163637434,50400
2019-02-22,29.252056121826172,29.269233294150773,29.157583312146183,29.18334743252777,43100
2019-02-25,29.26923942565918,29.303590501293833,29.260649199592027,29.286413325370848,36700
2019-02-26,29.277822494506836,29.32935401544488,29.20911379992278,29.226290973568794,99000
2019-02-27,29.252056121826172,29.26064306988316,29.18334743252777,29.21770177717697,56300
2019-02-28,29.200525283813477,29.25205680198547,29.140406817384836,29.25205680198547,42800
2019-03-01,29.19194793701172,29.260653374294755,29.183357709718976,29.20912183917364,73900
2019-03-04,29.21862030029297,29.27024448730562,29.166999395382614,29.27024448730562,39500
2019-03-05,29.21862030029297,29.23582836263052,29.166999395382614,29.23582836263052,28500
2019-03-06,29.21862030029297,29.244434034850443,29.184204175617868,29.244434034850443,52800
2019-03-07,29.132583618164062,29.210018258555433,29.1239779458415,29.210018258555433,47900
2019-03-08,29.132583618164062,29.13258361816406,29.046543305450125,29.063751367992914,78900
2019-03-11,29.296052932739258,29.296052932739258,29.16699739720244,29.16699739720244,33800
2019-03-12,29.313261032104492,29.347677154466663,29.270242520202814,29.304658642564984,56700
2019-03-13,29.35626983642578,29.390685947407174,29.33045939424023,29.347667449730928,55000
2019-03-14,29.35626983642578,29.38208356071232,29.33045939424023,29.364875505221622,18900
2019-03-15,29.459524154663086,29.459524154663086,29.36488147128619,29.36488147128619,29700
2019-03-18,29.545562744140625,29.545562744140625,29.450920055713294,29.485336175523564,45800
2019-03-19,29.519750595092773,29.588579548647164,29.476728806756935,29.571371489733156,145500
2019-03-20,29.58858299255371,29.622999114387525,29.45092178732048,29.52835642039555,51000
2019-03-21,29.657407760620117,29.657407760620117,29.528348977325557,29.5885755343027,44700
2019-03-22,29.545562744140625,29.640205432567953,29.53696035523897,29.640205432567953,35200
2019-03-25,29.511150360107422,29.571376936348482,29.48533990803332,29.5283584221909,34300
2019-03-26,29.571372985839844,29.64020522497831,29.571372985839844,29.588581045624462,42400
2019-03-27,29.64019775390625,29.66600819602652,29.57136553211755,29.631592085132173,35200
2019-03-28,29.6488037109375,29.6488037109375,29.579974762961285,29.64020132322849,28200
2019-03-29,29.700429916381836,29.700429916381836,29.63159768159293,29.683221857684607,68400
2019-04-01,29.734830856323242,29.78645172396465,29.700414756495686,29.78645172396465,56300
2019-04-02,29.746061325073242,29.75468442368156,29.711562350633404,29.75468442368156,53500
2019-04-03,29.76329231262207,29.79779126943222,29.737419740015262,29.76329231262207,162700
2019-04-04,29.806415557861328,29.806415557861328,29.754667126284687,29.76329021988011,31500
2019-04-05,29.858177185058594,29.866803573418284,29.78055613983734,29.815055113269718,32100
2019-04-08,29.823678970336914,29.858174650838272,29.789179999832648,29.858174650838272,63900
2019-04-09,29.832304000854492,29.832304000854492,29.797805028114972,29.80643141630141,30700
2019-04-10,29.884056091308594,29.884056091308594,29.83230762591112,29.84093072514227,52000
2019-04-11,29.875429153442383,29.88405554251864,29.832307078071477,29.88405554251864,26800
2019-04-12,29.892675399780273,29.909924886058647,29.840926940945142,29.86680281536426,31400
2019-04-15,29.892675399780273,29.970296443031412,29.85817642722352,29.901298497917907,58200
2019-04-16,29.849565505981445,29.927186580897494,29.849565505981445,29.875438100951982,37000
2019-04-17,29.86680793762207,29.95305209380201,29.840932058765155,29.909930015712042,22500
2019-04-18,29.892675399780273,29.909924886058647,29.840926940945142,29.909924886058647,59700
2019-04-22,29.86680793762207,29.89268052647532,29.83230895914863,29.83230895914863,37300
2019-04-23,29.944421768188477,29.944421768188477,29.85817434281755,29.892673312965922,43700
2019-04-24,29.95305633544922,30.004804810487474,29.944433234611576,29.987555318808056,63700
2019-04-25,29.909912109375,29.970283640558723,29.875413151555243,29.970283640558723,45800
2019-04-26,29.970293045043945,30.02204149801191,29.92717097923867,29.92717097923867,51300
2019-04-29,30.022050857543945,30.022050857543945,29.970302388443123,29.970302388443123,66600
2019-04-30,30.01342010498047,30.039295980771477,29.978921130594646,29.98754751919274,34300
2019-05-01,30.004793167114258,30.108286787025893,30.004793167114258,30.022042652100005,30100
2019-05-02,29.877784729003906,29.990104848937957,29.860503949943684,29.9469045492732,41400
2019-05-03,30.041948318481445,30.041948318481445,29.946905678053607,29.946905678053607,61200
2019-05-06,29.972827911376953,30.016031512550537,29.834584957148714,29.92962760617538,39800
2019-05-07,29.886423110961914,29.938265447518823,29.834580774405,29.903703889814217,122800
2019-05-08,29.843223571777344,29.912343392975146,29.843223571777344,29.869143092730067,45300
2019-05-09,29.808664321899414,29.808664321899414,29.722263714717446,29.782744798939202,40900
2019-05-10,29.800025939941406,29.843226244054808,29.722264074148505,29.782745159101655,57800
2019-05-13,29.653141021728516,29.791383972805285,29.60129867908525,29.72226414525287,76300
2019-05-14,29.713632583618164,29.756832903067007,29.653151477195163,29.653151477195163,54100
2019-05-15,29.765459060668945,29.817298097955224,29.68769720876818,29.68769720876818,31300
2019-05-16,29.851858139038086,29.912339210118027,29.77409629108228,29.77409629108228,31300
2019-05-17,29.77410316467285,29.851865030580605,29.76546442222618,29.808664726403393,25100
2019-05-20,29.730905532836914,29.800028662511085,29.69634396799983,29.75682505847861,28300
2019-05-21,29.78273582458496,29.825936115158513,29.73089349831416,29.73089349831416,42900
2019-05-22,29.739540100097656,29.808663220065707,29.739540100097656,29.76546291807156,71100
2019-05-23,29.730905532836914,29.75682505847861,29.661785699134978,29.679063185581285,36500
2019-05-24,29.765459060668945,29.800020616174024,29.722258764273263,29.800020616174024,35800
2019-05-28,29.765459060668945,29.834578875707763,29.756817023807002,29.765459060668945,26300
2019-05-29,29.730905532836914,29.748186315255456,29.67042444235813,29.73954427606007,36400
2019-05-30,29.756811141967773,29.791372690641296,29.739530367631016,29.739530367631016,19100
2019-05-31,29.77410316467285,29.825945507268667,29.653140994587883,29.67906051789982,266500
2019-06-03,29.800025939941406,29.851864986488717,29.75682233985607,29.75682233985607,64000
2019-06-04,29.95931053161621,29.967965336999793,29.829465336159085,29.916029900497332,49300
2019-06-05,30.011228561401367,30.019886663863677,29.959293155021797,29.976606057847846,54000
2019-06-06,30.045856475830078,30.063169379871237,29.967950058694267,30.037201674858903,57700
2019-06-07,30.20166778564453,30.236293591979077,30.132419475074073,30.132419475074073,33500
2019-06-10,30.15841293334961,30.244974221008636,30.15841293334961,30.21900649513122,51300
2019-06-11,30.218971252441406,30.288222843485556,30.193003556848655,30.20165835468037,75600
2019-06-12,30.184362411499023,30.270926948927578,30.149739898627065,30.1757076088059,36000
2019-06-13,30.25360870361328,30.27092160804437,30.184357085888923,30.201669990320013,98400
2019-06-14,30.22764015197754,30.26226596365314,30.175704736563286,30.26226596365314,80100
2019-06-17,30.22764015197754,30.244953057815337,30.175704736563286,30.218985350108213,66800
2019-06-18,30.392099380493164,30.418067078181423,30.34881878364678,30.34881878364678,52200
2019-06-19,30.470001220703125,30.52193660831583,30.366127143380336,30.409407733756716,41600
2019-06-20,30.660463333129883,30.712402068331162,30.60852790002888,30.61718270484562,62400
2019-06-21,30.55657196044922,30.599852564365044,30.55657196044922,30.57388486243523,93600
2019-06-24,30.591197967529297,30.617165669631518,30.556572163327374,30.599852767530557,53600
2019-06-25,30.539276123046875,30.62584068134705,30.521963211386836,30.62584068134705,71400
2019-06-26,30.495986938476562,30.582551472488728,30.487332136125012,30.53926755443298,145800
2019-06-27,30.582538604736328,30.582538604736328,30.495974107146598,30.521941805374546,73100
2019-06-28,30.634485244750977,30.634485244750977,30.539265913503566,30.539265913503566,31400
2019-07-01,30.68641471862793,30.77297591981464,30.643134118034574,30.677756617250363,54600
2019-07-02,30.707292556762695,30.759487450906498,30.646400172787946,30.715993364979685,81700
2019-07-03,30.81169319152832,30.83779230979163,30.742103285730504,30.785597391652587,29400
2019-07-05,30.707292556762695,30.77688574895443,30.629001874740013,30.68989425871476,41100
2019-07-08,30.681196212768555,30.707292000174434,30.6377021276301,30.707292000174434,43000
2019-07-09,30.61162757873535,30.646424202114645,30.585531770395203,30.61162757873535,36600
2019-07-10,30.707292556762695,30.707292556762695,30.663798470835882,30.707292556762695,85100
2019-07-11,30.65511131286621,30.70730290621439,30.61161389389318,30.70730290621439,122700
2019-07-12,30.681196212768555,30.681196212768555,30.646399617303395,30.663797915035975,50900
2019-07-15,30.672502517700195,30.724697423002,30.663805026009943,30.698601629544477,120300
2019-07-16,30.663806915283203,30.70730101318777,30.629010309604762,30.70730101318777,95400
2019-07-17,30.707292556762695,30.707292556762695,30.62030438490907,30.707292556762695,46100
2019-07-18,30.768190383911133,30.776891193667378,30.620309801921334,30.66380389554265,79400
2019-07-19,30.69859504699707,30.78558321879421,30.681196748960435,30.74208913289564,39100
2019-07-22,30.750783920288086,30.776883024242427,30.698592349150907,30.733388942166194,60700
2019-07-23,30.742090225219727,30.80298261131855,30.70729362791006,30.742090225219727,36100
2019-07-24,30.802993774414062,30.837790384334117,30.733403872961315,30.733403872961315,30300
2019-07-25,30.759496688842773,30.80299078783208,30.74209838556964,30.80299078783208,53300
2019-07-26,30.79430389404297,30.80300138947948,30.759507275520555,30.80300138947948,34100
2019-07-29,30.820390701293945,30.855187309658135,30.76819578874767,30.802992397111854,80800
2019-07-30,30.776893615722656,30.794291918217706,30.716001216183425,30.75079450278663,172800
2019-07-31,30.715999603271484,30.80298779279205,30.62031060376683,30.759493698031765,36200
2019-08-01,30.759496688842773,30.872584000924604,30.70730177902338,30.70730177902338,45900
2019-08-02,30.714181900024414,30.7926012208078,30.635762579241025,30.766462555159492,58800
2019-08-05,30.539920806884766,30.592201469609414,30.44407458714238,30.49635524986703,52600
2019-08-06,30.679336547851562,30.679336547851566,30.513786080257116,30.592205422557512,71500
2019-08-07,30.653186798095703,30.73160611205824,30.566055704287628,30.635759914566453,27700
2019-08-08,30.77517318725586,30.836165620718027,30.679326985004355,30.740319418466523,139100
2019-08-09,30.74903106689453,30.818735272801252,30.72288908132129,30.810023493502147,58500
2019-08-12,30.714181900024414,30.749035670114466,30.670616349331077,30.688043234376103,363900
2019-08-13,30.78389549255371,30.810034163341083,30.653195490938625,30.67062237940991,93600
2019-08-14,30.609628677368164,30.722898462031317,30.60091357157009,30.722898462031317,79400
2019-08-15,30.73160743713379,30.73160743713379,30.592195686726853,30.592195686726853,40200
2019-08-16,30.827457427978516,30.827457427978516,30.72289610944221,30.72289610944221,34600
2019-08-19,30.844900131225586,30.888465707702824,30.827473235866606,30.888465707702824,59400
2019-08-20,30.862321853637695,30.88846385703009,30.818756279770675,30.84489828316307,101600
2019-08-21,30.89716911315918,30.940734677820043,30.879742222526932,30.91459600379143,78400
2019-08-22,30.844900131225586,30.932031284180063,30.80133123090792,30.932031284180063,130000
2019-08-23,30.740324020385742,30.871024010992766,30.71418535179987,30.836170236985716,45000
2019-08-26,30.827457427978516,30.836169209270516,30.757749882287644,30.801315436425078,75700
2019-08-27,30.827457427978516,30.905876754961383,30.818742322847797,30.844884314401234,74200
2019-08-28,30.905887603759766,30.93202628064986,30.81004135670957,30.81004135670957,132500
2019-08-29,30.993003845214844,31.00171894921571,30.949438296725372,30.95815007688795,57700
2019-08-30,31.027860641479492,31.080137975233168,30.94072621215901,30.9930068697513,69500
2019-09-03,31.00172233581543,31.01914589804392,30.92330301043261,30.975580344795386,83600
2019-09-04,31.134387969970703,31.169302578524473,31.029647473949737,31.07328906982178,44600
2019-09-05,31.10820198059082,31.15184357408105,31.090744677266702,31.143116587239064,50000
2019-09-06,31.186765670776367,31.204222978293167,31.108209451771252,31.195495989355244,74000
2019-09-09,31.10820198059082,31.18675818072929,31.07328737394258,31.143116587239064,71500
2019-09-10,31.00346565246582,31.064564557482623,30.951093735462585,31.064564557482623,241000
2019-09-11,31.0645694732666,31.064569473266605,31.00347055858126,31.012197547975823,58400
2019-09-12,31.073286056518555,31.143115266854466,31.055832083574586,31.143115266854466,42000
2019-09-13,30.986007690429688,31.108205497874813,30.959823397303026,31.07329088727891,132200
2019-09-16,31.020936965942383,31.020936965942383,30.959838033335757,31.00347965239162,96500
2019-09-17,31.05584144592285,31.064568435025745,30.968554906688848,30.99473920363854,60700
2019-09-18,31.020936965942383,31.125677517604874,31.00347965239162,31.012206644345948,62500
2019-09-19,31.10820198059082,31.160573890563185,31.047103083776474,31.09947499374884,46300
2019-09-20,31.151844024658203,31.169301328234827,31.10820243053675,31.143117037689994,41200
2019-09-23,31.134387969970703,31.195490199759966,31.099476691057273,31.160575591206197,301500
2019-09-24,31.143129348754883,31.20422827060573,31.06457311642644,31.186770960128126,384500
2019-09-25,31.047103881835938,31.116933096927365,31.02964657806308,31.099475793154507,60900
2019-09-26,31.10820198059082,31.125659283914942,31.07328737394258,31.10820198059082,414000
2019-09-27,31.073286056518555,31.10820066168651,31.02091747840663,31.090743359102532,18000
2019-09-30,31.12566375732422,31.134390745420454,31.038380557799343,31.090749145658016,88000
2019-10-01,31.038379669189453,31.134389854061848,31.02092236385614,31.090748255548842,45300
2019-10-02,30.882654190063477,31.048880247288334,30.87390703105315,31.048880247288334,73600
2019-10-03,31.057626724243164,31.075124379216067,30.91764882179637,30.935146476769276,76800
2019-10-04,31.1713809967041,31.20637299309373,31.048900665993624,31.048900665993624,62900
2019-10-07,31.11887550354004,31.180115644310625,31.075133022609247,31.171368483059414,90000
2019-10-08,30.99639892578125,31.101381560027075,30.970154101554236,31.066386236165876,63000
2019-10-09,31.048879623413086,31.075124437253233,30.987636162225314,31.075124437253233,39300
2019-10-10,31.03137969970703,31.066371669823493,30.961389084801702,31.066371669823493,36900
2019-10-11,31.092620849609375,31.145110475191874,31.031380728205583,31.031380728205583,62600
2019-10-14,31.11887550354004,31.11887550354004,31.048888201518245,31.066382524020668,108300
2019-10-15,31.14510726928711,31.180102574297432,31.092617649107602,31.14510726928711,52600
2019-10-16,31.180099487304688,31.18884998135891,31.110112221549123,31.110112221549123,50400
2019-10-17,31.18886947631836,31.21511430021437,31.14512365337471,31.18011897679454,55900
2019-10-18,31.18886947631836,31.21511430021437,31.15387415289853,31.18886947631836,37300
2019-10-21,31.18886947631836,31.21511430021437,31.14512365337471,31.21511430021437,69200
2019-10-22,31.197607040405273,31.250100009385296,31.162611727751926,31.171362224583614,52100
2019-10-23,31.232601165771484,31.276343636256975,31.188858695285994,31.188858695285994,45200
2019-10-24,31.267593383789062,31.398820782263204,31.250095729858597,31.36382547440227,46800
2019-10-25,31.267593383789062,31.285087700383286,31.232598075928127,31.232598075928127,70000
2019-10-28,31.250102996826172,31.285094975487976,31.23260533882676,31.25885015715737,66800
2019-10-29,31.267593383789062,31.31133584994711,31.250095729858597,31.25884288815571,45200
2019-10-30,31.337583541870117,31.346334038307578,31.250098601514793,31.293841071692455,55500
2019-10-31,31.398820877075195,31.46006099734863,31.320083102818458,31.46006099734863,43400
2019-11-01,31.486309051513672,31.495056209810674,31.372575969635207,31.372575969635207,41600
2019-11-04,31.418846130371094,31.550267070898446,31.418846130371094,31.550267070898446,152800
2019-11-05,31.36628532409668,31.45390265345383,31.36628532409668,31.45390265345383,93600
2019-11-06,31.418846130371094,31.42760618950291,31.37503915019531,31.37503915019531,58900
2019-11-07,31.392560958862305,31.462651455003776,31.366274098333353,31.462651455003776,57900
2019-11-08,31.375041961669922,31.39256542376216,31.313711515476417,31.366278559494482,103500
2019-11-11,31.3837947845459,31.3837947845459,31.278657378495602,31.348747868443173,70000
2019-11-12,31.375041961669922,31.427609005687984,31.29618805338418,31.375041961669922,87400
2019-11-13,31.34874725341797,31.383794168833113,31.331223795710393,31.331223795710393,59100
2019-11-14,31.453889846801758,31.480173363777716,31.375035953615868,31.39255941235251,65600
2019-11-15,31.515222549438477,31.523982608308266,31.375038211714113,31.480175629442826,71800
2019-11-18,31.523990631103516,31.594084488933575,31.48018364108928,31.54151409556103,85700
2019-11-19,31.541526794433594,31.56781033057228,31.524003322920986,31.541526794433594,89500
2019-11-20,31.567798614501953,31.62912907090367,31.50646815810024,31.532755026743263,71800
2019-11-21,31.515222549438477,31.55026612717588,31.45389211057521,31.523982608308266,98900
2019-11-22,31.497713088989258,31.620374021233967,31.46266615341656,31.56780361787492,89600
2019-11-25,31.629112243652344,31.629112243652344,31.53273825076462,31.53273825076462,72200
2019-11-26,31.620365142822266,31.664172128858084,31.57655815678645,31.664172128858084,337000
2019-11-27,31.67295265197754,31.681712717016367,31.58533529028626,31.664189244678113,139800
2019-11-29,31.594083786010742,31.66417430002229,31.594083786010742,31.66417430002229,271100
2019-12-02,31.436372756958008,31.629124157595783,31.427609354685252,31.629124157595783,94000
2019-12-03,31.4890193939209,31.541663150938284,31.401283145815256,31.489019393920902,137800
2019-12-04,31.550434112548828,31.61185015302931,31.550434112548828,31.550434112548828,78000
2019-12-05,31.576745986938477,31.585518269367643,31.47145851625678,31.576745986938477,70000
2019-12-06,31.620630264282227,31.63817818503683,31.550438581263816,31.58553442277302,81300
2019-12-09,31.611841201782227,31.673257224872074,31.611841201782227,31.64693702838278,51300
2019-12-10,31.611841201782227,31.629389115082503,31.585521005292932,31.60306891859321,75000
2019-12-11,31.717134475708008,31.72590676049956,31.594299060166357,31.594299060166357,45800
2019-12-12,31.717134475708008,31.74345467700551,31.611846976672307,31.690810927487657,59400
2019-12-13,31.76976776123047,31.839959411529914,31.717127370427985,31.760995478404087,41800
2019-12-16,31.866270065307617,31.892590252827883,31.83117425066653,31.866270065307617,119600
2019-12-17,31.87505531311035,31.918923421191643,31.848731770723887,31.892599878805182,72900
2019-12-18,31.839969635009766,31.90138567528078,31.822421716800452,31.883837757071465,130800
2019-12-19,31.813634872436523,31.87505423798523,31.80486258988499,31.839958413935108,74900
2019-12-20,31.901378631591797,31.918926545926606,31.822414690546374,31.8750584335508,68400
2019-12-23,31.892608642578125,31.93648010963697,31.86628843988124,31.910156560017057,91500
2019-12-24,31.87321662902832,31.926104814233348,31.837957838891633,31.899659040399186,41700
2019-12-26,31.96135902404785,31.98780479687432,31.899657824891367,31.91728721928796,60100
2019-12-27,32.005428314208984,32.04068373406515,31.97898254623867,32.02305770536834,113500
2019-12-30,31.96135902404785,31.97898841844444,31.882028430494778,31.97898841844444,76700
2019-12-31,31.943729400634766,31.97017180802511,31.890841223391288,31.96135543058647,81500
2020-01-02,32.09357452392578,32.09357452392578,31.926100337952615,31.926100337952615,177300
2020-01-03,32.067142486572266,32.08477188487007,31.855593069462532,32.00544127376191,68400
2020-01-06,32.067142486572266,32.075955504489215,31.978995495083247,32.02307067205971,66000
2020-01-07,32.031883239746094,32.06714203584611,32.02307022195302,32.06714203584611,71400
2020-01-08,32.01424026489258,32.06712843661346,32.01424026489258,32.0318696554662,69100
2020-01-09,32.08476638793945,32.09357940434651,32.02306518570007,32.06713699266201,92000
2020-01-10,32.12883758544922,32.15527999663213,32.093578795563154,32.093578795563154,75000
2020-01-13,32.18170928955078,32.18170928955078,32.08475270058153,32.13763750138987,81000
2020-01-14,32.18170928955078,32.19933867730752,32.128824488742445,32.18170928955078,54700
2020-01-15,32.208160400390625,32.243419181758625,32.12882982354385,32.12882982354385,46800
2020-01-16,32.296302795410156,32.296302795410156,32.21697222150101,32.24341798777895,69500
2020-01-17,32.331573486328125,32.331573486328125,32.22580046963691,32.22580046963691,87200
2020-01-21,32.269874572753906,32.34038880140413,32.269874572753906,32.34038880140413,127000
2020-01-22,32.32276153564453,32.37564973246858,32.305135499167214,32.305135499167214,147100
2020-01-23,32.366817474365234,32.393259875827034,32.27867053205583,32.34918808590335,119900
2020-01-24,32.331573486328125,32.39327469293663,32.28750167624541,32.340386503359234,99900
2020-01-27,32.1993522644043,32.31394165194525,32.15528045764649,32.31394165194525,107000
2020-01-28,32.269874572753906,32.31394638596827,32.199356981639866,32.234615777196886,194000
2020-01-29,32.31392288208008,32.384440421902404,32.208149934807956,32.322735893327184,70200
2020-01-30,32.296302795410156,32.30511917165691,32.1905298176854,32.278673405378974,64300
2020-01-31,32.17290115356445,32.278674133675736,32.093570577865385,32.278674133675736,537900
2020-02-03,32.18170928955078,32.24341382793034,32.17289627690336,32.19933867730752,88500
2020-02-04,32.30352020263672,32.35647800742086,32.24173778049997,32.259390382094686,66900
2020-02-05,32.38294982910156,32.400602427754116,32.32116741726209,32.38294982910156,75500
2020-02-06,32.40059280395508,32.46237519744361,32.3917681906944,32.453550584182935,43800
2020-02-07,32.427101135253906,32.453578364588495,32.391795918213916,32.427101135253906,61400
2020-02-10,32.50651550292969,32.50651550292969,32.43590511378631,32.48003492355659,91300
2020-02-11,32.53300857543945,32.58596302622391,32.506531350047226,32.56831378722263,47400
2020-02-12,32.5506591796875,32.58596102240954,32.533006574881426,32.55948379864549,60300
2020-02-13,32.5506591796875,32.58596102240954,32.49770136526928,32.5506591796875,37900
2020-02-14,32.56829833984375,32.6036001679927,32.52416516260231,32.6036001679927,56100
2020-02-18,32.559471130371094,32.57712372830888,32.480036123095466,32.49768872103325,72500
2020-02-19,32.60361099243164,32.62126359581116,32.53300394580339,32.53300394580339,49400
2020-02-20,32.60361099243164,32.62126359581116,32.506526724179025,32.57713377080727,56300
2020-02-21,32.559471130371094,32.585948343833365,32.506516703446536,32.506516703446536,54800
2020-02-24,32.2329216003418,32.34766185729676,32.21526899412639,32.34766185729676,105100
2020-02-25,32.01225280761719,32.30351224495708,31.941642418632572,32.26821041735344,158000
2020-02-26,32.00343322753906,32.11817345631795,31.95930340628243,32.021085829419626,198900
2020-02-27,31.659221649169922,31.90635475342333,31.659221649169922,31.79161450383747,232700
2020-02-28,31.70334815979004,31.70334815979004,31.30617637114281,31.412088623656086,240800
2020-03-02,31.968122482299805,31.968122482299805,31.6503824707715,31.6503824707715,200100
2020-03-03,31.93719482421875,32.31729455062014,31.866477027674243,32.060947596161505,135700
2020-03-04,32.22005844116211,32.25541733852876,32.03442928800228,32.12282315940885,81000
2020-03-05,32.05210494995117,32.264254959395984,31.963711079688334,32.06978439840574,83100
2020-03-06,32.01674270629883,32.034422151043344,31.848789667230587,31.857631075607493,82000
2020-03-09,31.23886489868164,31.69852035927004,31.221185453427157,31.521729278734597,201900
2020-03-10,31.397998809814453,31.52175164238503,31.168169230458997,31.512913599492183,399900
2020-03-11,30.620094299316406,31.203502437924293,30.60241485608477,31.17698495908135,209000
2020-03-12,29.267662048339844,30.001340725347983,25.634617449584013,29.921784881141267,461100
2020-03-13,29.904102325439453,29.904102325439453,29.082026570683293,29.188099882648988,216300
2020-03-16,29.002473831176758,29.27649686392685,27.853334922517053,28.861041609496343,631100
2020-03-17,28.94942855834961,29.143899081143346,28.64888473767263,28.90523163189904,338500
2020-03-18,27.897533416748047,28.631213739920277,26.995903374708742,28.35719069187454,325200
2020-03-19,27.86217498779297,28.153879159326117,27.54395164211859,27.667704416100804,774500
2020-03-20,27.950565338134766,28.48093692004716,27.74725507963175,28.145034187567237,145600
2020-03-23,28.145038604736328,28.374864696496694,27.49975389370559,27.835654992898085,374300
2020-03-24,28.807998657226562,28.92291337272724,28.366022613618917,28.44557843634868,247400
2020-03-25,29.25881576538086,29.46212773384517,28.657728014120195,28.896395507003984,164100
2020-03-26,30.00132942199707,30.01900886649435,29.38256572463852,29.38256572463852,262500
2020-03-27,29.78919792175293,30.02786548534928,29.594727305783096,29.665445119594292,342800
2020-03-30,30.03668975830078,30.063207240319812,29.780342858752096,29.80686371278054,136200
2020-03-31,29.85991096496582,30.10741992970115,29.851072924658858,30.09857851738339,86100
2020-04-01,29.5947208404541,29.91294418906278,29.550523902482944,29.683118088406633,273200
2020-04-02,29.871192932128906,29.871192932128906,29.50788279042582,29.702830849975133,114400
2020-04-03,29.587627410888672,29.86232658122295,29.50787625693929,29.79143516425069,80000
2020-04-06,30.261077880859375,30.261077880859375,29.88890475730938,30.004101602728227,284600
2020-04-07,30.269941329956055,30.509194785813044,30.172467324204458,30.509194785813044,244100
2020-04-08,30.49146842956543,30.571219572357023,30.207909561926055,30.225632413689556,142600
2020-04-09,30.87251091003418,30.952262077672106,30.60667481133756,30.60667481133756,115300
2020-04-13,30.624391555786133,30.854781893925225,30.58008273127321,30.854781893925225,225300
2020-04-14,30.97882843017578,31.005414392308072,30.81932617853252,30.81932617853252,110500
2020-04-15,30.81934356689453,30.89023499886096,30.65984122525959,30.704150060383373,145000
2020-04-16,30.81934356689453,30.899094737712,30.74845551521763,30.8282066860351,361300
2020-04-17,31.04086685180664,31.129481120726375,30.881364548039844,30.934533109391683,402200
2020-04-20,30.854780197143555,31.005422755568098,30.819334491597953,30.845920460901418,273700
2020-04-21,30.650972366333008,30.85478010216002,30.518052661090447,30.79275180779043,226900
2020-04-22,30.81934356689453,30.90795785685257,30.721869538085453,30.81048382804349,79900
2020-04-23,30.881376266479492,30.996573169644122,30.739596762696106,30.739596762696106,66600
2020-04-24,30.943395614624023,30.96111846999362,30.80161615195626,30.916813021714137,69400
2020-04-27,31.058589935302734,31.094035643132788,30.96997904601635,31.03200734457457,419900
2020-04-28,31.067459106445312,31.324432087567033,31.014290534339402,31.120624298261816,305500
2020-04-29,31.35987091064453,31.43076232453995,31.218091463142358,31.30670573051163,393900
2020-04-30,31.22696876525879,31.29785683106732,31.09404899396877,31.14721757854282,174500
2020-05-01,30.9256649017334,31.085167161810613,30.837050657086166,30.969970333913114,746400
2020-05-04,30.970054626464844,30.97005462646484,30.83694416092294,30.925682214524368,301000
2020-05-05,31.014419555664062,31.11203343281282,30.97005053472535,30.97005053472535,288900
2020-05-06,30.854679107666016,31.049906803343944,30.836930827591814,31.023282690663496,92400
2020-05-07,31.05879020690918,31.103159230176864,30.92567975196663,30.92567975196663,135100
2020-05-08,31.138662338256836,31.209652113356636,31.085417468076837,31.085417468076837,256300
2020-05-11,31.156391143798828,31.174139422759445,31.05877730208447,31.05877730208447,125200
2020-05-12,31.014419555664062,31.218519760093592,31.014419555664062,31.138654168348186,361200
2020-05-13,30.916790008544922,31.09426938748484,30.845796902913918,31.09426938748484,137400
2020-05-14,30.99665641784668,30.99665641784668,30.677194203939138,30.810304588113176,81600
2020-05-15,31.023283004760742,31.023283004760742,30.890175980564017,30.996662276949063,47300
2020-05-18,31.32499885559082,31.36936786628637,31.227385000977492,31.298378126201197,233500
2020-05-19,31.280643463134766,31.36938152315858,31.209650307003713,31.23627443312286,151500
2020-05-20,31.45810890197754,31.520226193246756,31.369367496494025,31.413739891805026,121600
2020-05-21,31.46697998046875,31.62671111824886,31.378241963985726,31.520224821441566,103000
2020-05-22,31.44036865234375,31.449241102589333,31.333882323700017,31.449241102589333,38600
2020-05-26,31.644466400146484,31.68883541820497,31.52023179552709,31.573476648280725,204200
2020-05-27,31.77757453918457,31.79532282215104,31.608967543572515,31.635591660591643,596900
2020-05-28,31.795339584350586,31.901825953149164,31.715473961466493,31.84858107617956,162100
2020-05-29,31.875185012817383,31.892933295781084,31.697708953458058,31.72432968533419,125300
2020-06-01,31.910688400268555,32.01717812081499,31.875191826753078,31.875191826753078,122400
2020-06-02,32.10350799560547,32.112392058317745,32.014650420633174,32.04130938790981,203600
2020-06-03,32.27231979370117,32.307862809912244,32.20123715084762,32.227892718221625,389500
2020-06-04,32.1834716796875,32.245670274939734,32.1301571453702,32.21901131299647,154900
2020-06-05,32.45891571044922,32.503346175724566,32.38783306723215,32.47668721864564,400800
2020-06-08,32.636627197265625,32.636627197265625,32.45891550598946,32.51223003024288,270500
2020-06-09,32.556663513183594,32.60109059735423,32.47669340584874,32.54777945217717,163900
2020-06-10,32.48557662963867,32.62774531422832,32.45003361109905,32.583314846269396,111900
2020-06-11,31.836950302124023,32.28122812343479,31.836950302124023,32.28122812343479,133400
2020-06-12,32.10350799560547,32.210133696002316,31.87248169024741,32.210133696002316,94900
2020-06-15,32.13014602661133,32.210116105628714,31.801381652681204,31.854692778980763,105400
2020-06-16,32.32563781738281,32.45891905824962,32.236780267235986,32.45891905824962,102100
2020-06-17,32.2634391784668,32.405607868918615,32.25455172868102,32.32563776869141,296800
2020-06-18,32.34341049194336,32.34341049194336,32.08572867159311,32.18347028548935,177500
2020-06-19,32.307865142822266,32.47668939766256,32.210123535968314,32.37006373089863,221500
2020-06-22,32.37894821166992,32.37894821166992,32.254551033900285,32.325637072379436,186800
2020-06-23,32.414485931396484,32.50334346496792,32.37005885939493,32.50334346496792,308000
2020-06-24,32.17456817626953,32.35227981242532,32.023515488756004,32.33450830985299,195600
2020-06-25,32.307865142822266,32.307865142822266,32.08572635981559,32.13903749841314,77400
2020-06-26,32.12126922607422,32.2989775399807,32.041299128988776,32.2989775399807,286300
2020-06-29,32.147918701171875,32.201233218978615,32.02352154919098,32.06794861924585,125500
2020-06-30,32.3522834777832,32.361167535292125,32.17457182149354,32.23677039275973,188700
2020-07-01,32.39672088623047,32.39672088623047,32.281211153901594,32.31675078485025,114100
2020-07-02,32.442203521728516,32.60272046408793,32.41544843014083,32.45111961772996,126200
2020-07-06,32.647308349609375,32.772154106681484,32.61163716136256,32.647308349609375,169500
2020-07-07,32.63838195800781,32.70972431943302,32.54029131373469,32.54029131373469,143300
2020-07-08,32.71864318847656,32.72756268530666,32.54921016840917,32.638384725962254,135200
2020-07-09,32.700809478759766,32.76323575478956,32.53137644894036,32.74540016189412,124000
2020-07-10,32.75432205200195,32.75432205200195,32.558133897236054,32.656227974619,96700
2020-07-13,32.57596206665039,32.8791603268057,32.558126474665805,32.66514002657333,104200
2020-07-14,32.825660705566406,32.825660705566406,32.54921410088646,32.54921410088646,110000
2020-07-15,32.88807678222656,32.932664057168964,32.825653916949,32.88807678222656,131500
2020-07-16,32.88807678222656,32.932664057168964,32.81673442088591,32.932664057168964,111600
2020-07-17,32.986175537109375,32.99509163265426,32.87916197982169,32.96833994422809,64900
2020-07-20,33.01292419433594,33.128853836524016,32.95050132587879,32.9950886030923,139700
2020-07-21,33.10209655761719,33.19127450793239,33.084260967554144,33.17343891786935,116100
2020-07-22,33.13777160644531,33.20911397502641,33.12885551126836,33.164523293767544,115900
2020-07-23,33.11994171142578,33.27154256984255,33.057518829075335,33.164528998562965,96300
2020-07-24,33.048587799072266,33.08425557159005,32.96832935777403,33.075339478908205,105200
2020-07-27,33.14668655395508,33.14668655395508,33.0485959032394,33.05751199810764,182500
2020-07-28,33.075347900390625,33.191277545514495,33.039676717000006,33.191277545514495,64600
2020-07-29,33.27154541015625,33.27154541015625,33.048605553646524,33.066441150382374,129500
2020-07-30,33.200199127197266,33.200199127197266,33.012930486135055,33.137776246843195,105600
2020-07-31,33.14668655395508,33.20019332853829,33.012924720183925,33.15560605061457,64200
2020-08-03,33.2091178894043,33.262621270355226,33.11993991816646,33.11993991816646,84000
2020-08-04,33.38142013549805,33.39034994339353,33.24750366858033,33.256430070751975,128100
2020-08-05,33.41712951660156,33.46176833484791,33.38141709971507,33.38141709971507,309400
2020-08-06,33.50640869140625,33.524264900669294,33.35463602125593,33.35463602125593,56500
2020-08-07,33.46177673339844,33.57784041454852,33.390355287422956,33.46177673339844,60900
2020-08-10,33.46177673339844,33.52427177577363,33.40820809462355,33.46177673339844,97900
2020-08-11,33.372493743896484,33.53319622882771,33.32785492157644,33.426058968391004,158100
2020-08-12,33.50640869140625,33.54212110993233,33.42605745258441,33.47069967860385,64200
2020-08-13,33.41712951660156,33.51533696017765,33.34570468282858,33.47962454329116,116600
2020-08-14,33.372493743896484,33.40820275831822,33.27428629135808,33.38142014607096,277600
2020-08-17,33.390350341796875,33.47070158519577,33.3546379212365,33.3546379212365,127100
2020-08-18,33.41712951660156,33.53319316862089,33.40819970951818,33.51533696017765,61600
2020-08-19,33.3992805480957,33.53320043758799,33.390354144800874,33.53320043758799,107700
2020-08-20,33.35464096069336,33.45284842332164,33.24750709497351,33.39035338450804,122700
2020-08-21,33.390350341796875,33.45284537491558,33.30106929039595,33.40820314635318,74400
2020-08-24,33.524269104003906,33.56890792989657,33.452847663720476,33.479630278111244,213700
2020-08-25,33.4706916809082,33.65817672478577,33.45283547591183,33.586751904800295,99600
2020-08-26,33.64925765991211,33.64925765991211,33.479628766887174,33.56890641464262,61800
2020-08-27,33.559974670410156,33.71174732858154,33.50640604684904,33.71174732858154,92000
2020-08-28,33.658180236816406,33.66710663738457,33.515333987663176,33.64032402995685,59300
2020-08-31,33.62247848510742,33.676047122673225,33.47963219065626,33.640334697629356,485500
2020-09-01,33.702842712402344,33.729625338632985,33.58677898919355,33.58677898919355,137900
2020-09-02,33.959373474121094,33.968311002946024,33.75377280148841,33.887859603645545,91200
2020-09-03,33.601806640625,33.94149066196598,33.52135525162237,33.94149066196598,134000
2020-09-04,33.45878982543945,33.53030029281674,33.253192543021896,33.43197382641914,122200
2020-09-08,33.21744918823242,33.4319874980359,33.172754701598166,33.4319874980359,135300
2020-09-09,33.44091796875,33.51243186023788,33.3247096000672,33.38728255013409,106000
2020-09-10,33.28001403808594,33.512430767875735,33.20850355889902,33.4409168787189,72600
2020-09-11,33.32469940185547,33.45878620237624,33.2263695361361,33.37833480405757,61300
2020-09-14,33.46772766113281,33.50348460013307,33.369401193836175,33.369401193836175,77200
2020-09-15,33.539249420166016,33.601822373135136,33.52137094646481,33.55712789386722,370400
2020-09-16,33.56606674194336,33.655459113954684,33.52137226092286,33.655459113954684,87400
2020-09-17,33.46772766113281,33.5213630696332,33.38727625336691,33.44984919163268,89100
2020-09-18,33.351539611816406,33.51244250882103,33.28002569760496,33.43199106031872,150100
2020-09-21,33.128047943115234,33.297888293398586,32.99396112291241,33.145926413140245,291000
2020-09-22,33.1727294921875,33.18166701873403,33.020764261151164,33.07439965033484,107100
2020-09-23,32.94927215576172,33.17274795344326,32.904577678219425,33.1369910074214,87300
2020-09-24,32.967140197753906,33.02077218984713,32.80623740153629,32.8330533975829,84400
2020-09-25,33.07441329956055,33.07441329956055,32.806243062909374,32.88669447490168,56400
2020-09-28,33.2442626953125,33.26214117061431,33.17275220407575,33.17275220407575,131100
2020-09-29,33.235313415527344,33.280007882999236,33.19955647756212,33.27107035349257,246400
2020-09-30,33.226375579833984,33.324705463439024,33.20850051915089,33.23531652014513,70400
2020-10-01,33.33363723754883,33.36939416902166,33.21742891524646,33.21742891524646,68600
2020-10-02,33.29243469238281,33.29243469238281,33.16703999863924,33.2476513612957,183100
2020-10-05,33.43576431274414,33.43576431274414,33.29245211148369,33.33723888275305,132200
2020-10-06,33.31932067871094,33.5074127941485,33.2924479359695,33.43576011925584,90100
2020-10-07,33.45365524291992,33.47156925754003,33.31930525839249,33.31930525839249,75600
2020-10-08,33.579063415527344,33.59697401876986,33.48949331556498,33.543235375542395,72400
2020-10-09,33.650718688964844,33.66863271034687,33.57906602018695,33.64176338664894,117100
2020-10-12,33.84777069091797,33.86568471292637,33.70446193160112,33.70446193160112,81900
2020-10-13,33.704444885253906,33.81192554619459,33.695486170405495,33.695486170405495,233700
2020-10-14,33.67759323120117,33.80299140030654,33.67759323120117,33.80299140030654,103400
2020-10-15,33.65968704223633,33.76716778454183,33.50741952528161,33.76716778454183,105600
2020-10-16,33.67759323120117,33.74029060737848,33.63280987918177,33.72237999997132,459400
2020-10-19,33.52531051635742,33.704447241614844,33.4984412034309,33.704447241614844,73800
2020-10-20,33.570098876953125,33.641754944499674,33.50740152622458,33.50740152622458,86800
2020-10-21,33.52531051635742,33.63279118481233,33.507396502156794,33.552179829283936,246100
2020-10-22,33.45365524291992,33.53426660033595,33.40887191474411,33.53426660033595,94100
2020-10-23,33.58802032470703,33.58802032470703,33.480539616358,33.57906502265716,65000
2020-10-26,33.40888595581055,33.53428069410321,33.292446520217204,33.49845606655556,125700
2020-10-27,33.40888595581055,33.444714000108554,33.37305791151254,33.426799977959554,88200
2020-10-28,32.934173583984375,33.26557442425847,32.934173583984375,33.23870510164843,134400
2020-10-29,33.08644485473633,33.13123162452676,32.92522205039307,32.92522205039307,211600
2020-10-30,32.96998596191406,33.02372458160399,32.826677281493495,32.99685527175903,167400
2020-11-02,33.05956268310547,33.13121875353217,32.99686532985685,33.13121875353217,138100
2020-11-03,33.2999267578125,33.317864106573445,33.07571503009989,33.23714774774893,186200
2020-11-04,33.59587860107422,33.667627983606664,33.33579222119239,33.33579222119239,111000
2020-11-05,33.82009506225586,33.84700279510208,33.6765996981403,33.6765996981403,223600
2020-11-06,33.76628112792969,33.82008974275998,33.685564784485436,33.82008974275998,141200
2020-11-09,33.8738899230957,34.5196204446472,33.8738899230957,34.116038868677514,415100
2020-11-10,33.8738899230957,33.92770194029086,33.81111094696682,33.92770194029086,152500
2020-11-11,33.99049377441406,33.99049377441406,33.89184008283615,33.97255642856363,113800
2020-11-12,33.90080642700195,33.99946011678098,33.855964773792984,33.97255580909537,153200
2020-11-13,34.03534698486328,34.08915561948595,33.90081855590648,33.90081855590648,116400
2020-11-16,34.16985321044922,34.20572789461177,34.10707422376384,34.16985321044922,166700
2020-11-17,34.16985321044922,34.250569539215874,34.04429523707846,34.09810726332229,113400
2020-11-18,34.160892486572266,34.28645048286545,34.125017795860266,34.28645048286545,105200
2020-11-19,34.232635498046875,34.24160588055158,34.07120624614579,34.12501485637998,274000
2020-11-20,34.214698791503906,34.2774777791347,34.1788241068011,34.241603094431895,157800
2020-11-23,34.232635498046875,34.36716386602938,34.21470157543449,34.28644752947958,139900
2020-11-24,34.403038024902344,34.438912711972776,34.27748004135428,34.34922599429669,130000
2020-11-25,34.38509750366211,34.43890952929471,34.32231851768981,34.34922281990704,84500
2020-11-27,34.45684051513672,34.61827315708648,34.42993621521104,34.465810895910515,37900
2020-11-30,34.37614440917969,34.528606744838264,34.304395012728925,34.528606744838264,190400
2020-12-01,34.48374938964844,34.52859103142368,34.394062684899986,34.394062684899986,341300
2020-12-02,34.464012145996094,34.67049058161034,34.38321593861801,34.67049058161034,128000
2020-12-03,34.51787185668945,34.57173370319556,34.41014473909391,34.41014473909391,168300
2020-12-04,34.5627555847168,34.57173141701315,34.472983563420904,34.5268454063652,177800
2020-12-07,34.5627555847168,34.58968650618895,34.508890317189405,34.508890317189405,96400
2020-12-08,34.55378341674805,34.643555447564005,34.54480415891637,34.57173508324447,111300
2020-12-09,34.5627555847168,34.68843778436429,34.455028474245104,34.68843778436429,103400
2020-12-10,34.544803619384766,34.61662398258259,34.48196251387838,34.50889343778586,138800
2020-12-11,34.60765075683594,34.60765075683594,34.51787871177524,34.57174056897806,123100
2020-12-14,34.58071517944336,34.67048721243573,34.571735921393994,34.65253212092055,68300
2020-12-15,34.697418212890625,34.697418212890625,34.58968767419804,34.60764276398013,91000
2020-12-16,34.7243537902832,34.751284716275,34.63458175392144,34.742308882472294,112500
2020-12-17,34.760257720947266,34.85002974115815,34.69741662188303,34.69741662188303,141600
2020-12-18,34.760257720947266,34.78718864209392,34.706392454070894,34.73332337521755,102900
2020-12-21,34.661502838134766,34.697413012316616,34.51786556599007,34.63457191978973,115700
2020-12-22,34.589691162109375,34.69742171166516,34.589691162109375,34.670487361984435,166000
2020-12-23,34.670467376708984,34.74228770167975,34.616605557562494,34.706377539194364,199400
2020-12-24,34.6903190612793,34.76241977810678,34.6903190612793,34.73538243906089,551900
2020-12-28,34.83452224731445,34.84353354718855,34.744392057997565,34.744392057997565,140300
2020-12-29,34.870567321777344,34.96069750188454,34.77142928083167,34.92464542984166,464400
2020-12-30,34.86155700683594,34.97872452522508,34.86155700683594,34.97872452522508,118800
2020-12-31,34.924652099609375,34.960704178537334,34.87057398121744,34.897614759471146,96900
2021-01-04,34.870567321777344,35.01477217183403,34.78044057978497,34.90661939382022,206600
2021-01-05,34.97873306274414,34.987744364151254,34.834528173419926,34.88860285809416,469600
2021-01-06,34.933658599853516,34.99675144836524,34.81649451661105,34.86155789002085,208200
2021-01-07,35.0147819519043,35.0418227325467,34.93366648620866,34.96070726685106,168700
2021-01-08,35.10490036010742,35.12292639510607,34.987732851673506,35.07785958855213,153500
2021-01-11,34.96070098876953,34.987738326440905,34.933660212982986,34.987738326440905,150300
2021-01-12,34.99674606323242,34.99674606323242,34.870563823740305,34.89760459411729,121100
2021-01-13,35.07786560058594,35.10490637677578,34.97872754827392,35.01477618633501,146900
2021-01-14,35.10490036010742,35.19502709698605,35.0237849216708,35.0237849216708,382400
2021-01-15,34.987735748291016,35.08687722993415,34.92464633962991,35.06885119344314,186000
2021-01-19,35.1229248046875,35.1229248046875,34.99674600352513,35.09588403435666,144200
2021-01-20,35.249114990234375,35.321215712135846,35.14096218832437,35.167999529272976,132300
2021-01-21,35.19502258300781,35.32120137370053,35.16798525303486,35.26712671375462,225600
2021-01-22,35.15898895263672,35.177014994775064,35.08688822219934,35.177014994775064,135700
2021-01-25,35.249114990234375,35.249114990234375,35.086884068311576,35.19503687022158,139900
2021-01-26,35.21305847167969,35.33923729768933,35.195032433947574,35.31219996014873,112600
2021-01-27,34.924652099609375,35.167998475199866,34.86156268054319,35.167998475199866,172400
2021-01-28,34.95167922973633,35.06884673296773,34.9156305994543,34.9156305994543,88800
2021-01-29,34.771427154541016,34.90661725926263,34.708334313266725,34.90661725926263,138000
2021-02-01,34.90662384033203,34.96070195528498,34.78945631032494,34.86156046359554,352200
2021-02-02,35.06266403198242,35.09874683879095,34.96343803378189,35.09874683879095,126900
2021-02-03,35.044639587402344,35.09876382380697,35.00856020418011,35.06268099953722,125200
2021-02-04,35.15287780761719,35.15287780761719,35.04462936637938,35.07169319721209,82300
2021-02-05,35.19797897338867,35.21602037993827,35.15287717753792,35.17993756683908,89600
2021-02-08,35.270137786865234,35.27916020980075,35.197975608611706,35.197975608611706,105600
2021-02-09,35.315250396728516,35.34231078909568,35.21602436998646,35.21602436998646,109500
2021-02-10,35.288177490234375,35.39642591396454,35.270136086279344,35.27915850877984,108800
2021-02-11,35.378395080566406,35.40545547406123,35.28818803383869,35.34231226187532,98500
2021-02-12,35.378395080566406,35.378395080566406,35.28818803383869,35.3513312460246,162200
2021-02-16,35.30622100830078,35.396428033477456,35.270138198230114,35.378386628442115,110900
2021-02-17,35.315250396728516,35.315250396728516,35.18896053657245,35.23406577858018,105400
2021-02-18,35.19797897338867,35.27916358233862,35.09875295788913,35.17993756683908,80200
2021-02-19,35.161895751953125,35.28818215528726,35.134835362966214,35.161895751953125,117300
2021-02-22,34.99951934814453,35.107764322908494,34.99951934814453,35.09874534211388,125100
2021-02-23,35.03561019897461,35.08071199539627,34.819116758685524,34.90030136866312,181300
2021-02-24,35.116798400878906,35.125817384667144,34.8461841536226,34.93638775569242,105000
2021-02-25,34.665767669677734,35.08070967498514,34.5575226772163,35.05364928713134,192900
2021-02-26,34.728919982910156,34.7830442138683,34.51242650012477,34.67479575195202,126800
2021-03-01,34.94540786743164,35.00855107291032,34.79205762480724,34.84618184709467,112000
2021-03-02,34.88220977783203,34.99053865933407,34.87318380592063,34.96345729988683,143900
2021-03-03,34.7377815246582,34.86416583518437,34.7377815246582,34.86416583518437,117800
2021-03-04,34.5211181640625,34.809997525794095,34.43084121120035,34.73777596350438,301900
2021-03-05,34.65653610229492,34.65653610229492,34.34960128202177,34.60237336229721,103800
2021-03-08,34.5120964050293,34.70167288253569,34.49404101045044,34.62042532878804,92000
2021-03-09,34.75582504272461,34.81901717639616,34.43083495886349,34.51208247982877,356100
2021-03-10,34.86415100097656,34.87318041572322,34.710685387410585,34.82804367312809,134700
2021-03-11,34.99956512451172,35.04470186768981,34.89123625214175,34.927343580456565,112000
2021-03-12,34.88220977783203,34.88220977783203,34.78290686824139,34.87318380592063,104900
2021-03-15,34.909278869628906,34.92733425081982,34.828034819837555,34.90025290088937,629900
2021-03-16,34.909278869628906,35.035666537965305,34.891226932149834,34.936363663271194,129700
2021-03-17,34.981502532958984,35.04469464913446,34.782896771429165,34.873173682902745,109800
2021-03-18,34.701663970947266,34.89124384348285,34.68360858100514,34.84610364677077,166000
2021-03-19,34.79194259643555,34.8009685699846,34.63847349639228,34.74680584126294,92400
2021-03-22,34.837074279785156,34.90929238880457,34.78290811523571,34.791937531183876,88000
2021-03-23,34.764862060546875,34.87319441873029,34.7197252998275,34.87319441873029,86400
2021-03-24,34.719722747802734,34.8099997063199,34.683611964395865,34.791944314616465,76400
2021-03-25,34.78291320800781,34.791942625278026,34.63847352510753,34.71972106197104,90900
2021-03-26,34.93637466430664,34.93637466430664,34.74679826767453,34.7919350130089,117500
2021-03-29,34.837074279785156,34.936377192935886,34.78290811523571,34.837074279785156,133500
2021-03-30,34.819026947021484,34.87319312410233,34.74680882129432,34.755834795617474,41600
2021-03-31,34.891239166259766,34.94540188511204,34.85512839121622,34.88220975064235,239600
2021-04-01,35.04471206665039,35.0717934316961,34.91832777148538,34.91832777148538,397300
2021-04-05,35.20740509033203,35.22548376054216,35.08989545804304,35.09893651722499,746100
2021-04-06,35.216453552246094,35.26164851762,35.15317991109165,35.26164851762,652500
2021-04-07,35.216453552246094,35.26164851762,35.16222097305933,35.216453552246094,261800
2021-04-08,35.324928283691406,35.324928283691406,35.2526135750896,35.2887709293905,242700
2021-04-09,35.352046966552734,35.352046966552734,35.234537281203984,35.297810931432856,88900
2021-04-12,35.28876876831055,35.32492612039718,35.2345327401806,35.29780638225477,567600
2021-04-13,35.38819885253906,35.38819885253906,35.261648123489834,35.315884150225216,154900
2021-04-14,35.361083984375,35.415320018578775,35.324930076394416,35.34300530630708,128500
2021-04-15,35.568965911865234,35.57800697047827,35.41530239697915,35.41530239697915,106400
2021-04-16,35.587059020996094,35.587059020996094,35.46051173429329,35.50570670123644,138100
2021-04-19,35.46052169799805,35.623226383234154,35.44244301651005,35.47860037948605,149300
2021-04-20,35.352046966552734,35.47859426701047,35.33396828817944,35.47859426701047,134700
2021-04-21,35.55088806152344,35.55088806152344,35.333947496852176,35.397221109849355,71200
2021-04-22,35.48762512207031,35.56897743517565,35.415313870507056,35.56897743517565,94400
2021-04-23,35.55994415283203,35.63225541320248,35.496670506949734,35.496670506949734,114900
2021-04-26,35.605140686035156,35.659376719812386,35.57802439322416,35.659376719812386,71800
2021-04-27,35.496665954589844,35.58705588049939,35.496665954589844,35.51474462940268,84200
2021-04-28,35.54186248779297,35.623214803967585,35.48762646095829,35.48762646095829,109600
2021-04-29,35.5780143737793,35.63224694412836,35.487621009607075,35.623209331788274,70400
2021-04-30,35.514747619628906,35.57802126272395,35.45147397653386,35.57802126272395,73300
2021-05-03,35.54186248779297,35.64129347957915,35.52378381218141,35.64129347957915,88600
2021-05-04,35.51924514770508,35.573515671318,35.374527201751945,35.56446885887518,105100
2021-05-05,35.537330627441406,35.59159769353717,35.49210692224576,35.57351097173694,69300
2021-05-06,35.6368293762207,35.6368293762207,35.51019815509969,35.59160221493207,112600
2021-05-07,35.77252197265625,35.80870234325629,35.645894125906146,35.645894125906146,124500
2021-05-10,35.61874008178711,35.78154820547428,35.59160309427388,35.78154820547428,146300
2021-05-11,35.47404098510742,35.49213116961396,35.35645651098983,35.49213116961396,77800
2021-05-12,35.13031768798828,35.365483074134566,35.12127432520692,35.365483074134566,87000
2021-05-13,35.30217361450195,35.3293106069486,35.19363599576142,35.19363599576142,138800
2021-05-14,35.4378547668457,35.52830222409958,35.36549404076314,35.41976458532506,139900
2021-05-17,35.4649772644043,35.47402407752064,35.37452983533042,35.455933901636215,61200
2021-05-18,35.4468879699707,35.55542902797633,35.428797793636434,35.55542902797633,142500
2021-05-19,35.36548614501953,35.38357632250134,35.27503870795906,35.32930924040448,64900
2021-05-20,35.537330627441406,35.56446416048929,35.365475717211396,35.365475717211396,55600
2021-05-21,35.546382904052734,35.627786973961605,35.49211582434576,35.57351989425463,79200
2021-05-24,35.59160614013672,35.654920032505785,35.56447260064951,35.61874312997229,130800
2021-05-25,35.6368293762207,35.71823343605308,35.6368293762207,35.71823343605308,91100
2021-05-26,35.72728729248047,35.76346765199965,35.663973388496395,35.72728729248047,103000
2021-05-27,35.72728729248047,35.781557831759244,35.654926573442104,35.75442083694536,64200
2021-05-28,35.73632049560547,35.80868119406815,35.700143596722135,35.78154765731865,127400
2021-06-01,35.79058837890625,35.881035794963594,35.727274497596554,35.799635190720636,87200
2021-06-02,35.83223342895508,35.83223342895508,35.76887789990153,35.82318411878345,95800
2021-06-03,35.723628997802734,35.750780384396215,35.63311862146141,35.750780384396215,62500
2021-06-04,35.913700103759766,35.913700103759766,35.77793624856597,35.859393871158595,64900
2021-06-07,35.89558792114258,35.91368999358033,35.82318308400887,35.8322323939191,76300
2021-06-08,35.922725677490234,35.98608118068207,35.877472239869775,35.97703187420437,66600
2021-06-09,35.95894241333008,36.05850208256334,35.90463619757997,36.05850208256334,194500
2021-06-10,35.995140075683594,36.022291452361024,35.85032697904299,35.85032697904299,84200
2021-06-11,35.9860954284668,36.07660579215898,35.97704611840625,36.06755302948109,58400
2021-06-14,36.02228546142578,36.02228546142578,35.95892995797083,35.98608133013267,110200
2021-06-15,35.922725677490234,36.022285311824824,35.922725677490234,35.95892980863299,149200
2021-06-16,35.868438720703125,36.01325185639694,35.81413250008638,35.92274148870237,131000
2021-06-17,35.89558792114258,35.94084137592831,35.80508101157112,35.84128170382933,64800
2021-06-18,35.7960205078125,35.82317533690527,35.72361568633702,35.80507326838227,77700
2021-06-21,35.7960205078125,35.86842878190451,35.73266499429025,35.80507326838227,52000
2021-06-22,35.90464401245117,35.9227460883079,35.75078154659585,35.81413708578545,56000
2021-06-23,35.82319259643555,35.940850919597764,35.82319259643555,35.92274884235322,100500
2021-06-24,35.97705078125,35.98610009248339,35.89559316967831,35.9046424809117,84000
2021-06-25,35.913700103759766,36.02230911634384,35.90464733868377,35.99515772635239,88000
2021-06-28,36.00419616699219,36.031351001402236,35.967995475474154,36.031351001402236,111900
2021-06-29,36.00419616699219,36.022298239059815,35.97704478519936,36.01324892933461,104800
2021-06-30,36.02228546142578,36.04038752707234,35.97703202361738,36.03133822055705,120700
2021-07-01,36.058509826660156,36.06755913825339,35.97705221184936,36.04040775085576,59400
2021-07-02,36.16194534301758,36.16194534301758,36.04397912588219,36.04397912588219,80300
2021-07-06,36.08935546875,36.161949806589746,36.08027901298652,36.161949806589746,63600
2021-07-07,36.207332611083984,36.24362805664416,36.152884250262225,36.198256153453194,118000
2021-07-08,36.15287780761719,36.16195080197679,35.989536215914626,36.0621340174063,125800
2021-07-09,36.23455047607422,36.23455047607422,36.11658077338042,36.152879676002186,99300
2021-07-12,36.26177978515625,36.26177978515625,36.13473706358971,36.13473706358971,78800
2021-07-13,36.16194534301758,36.252692581183084,36.134722902394515,36.252692581183084,51300
2021-07-14,36.270851135253906,36.2799241305218,36.19825332649454,36.19825332649454,58400
2021-07-15,36.23455047607422,36.2526999273851,36.17102912731307,36.23455047607422,68600
2021-07-16,36.15287780761719,36.243621597828074,36.11657890687135,36.243621597828074,69000
2021-07-19,35.99861145019531,36.12565761071086,35.98046546034701,36.12565761071086,150000
2021-07-20,36.18009567260742,36.19824512068295,36.06212945259639,36.1256507900341,99400
2021-07-21,36.23455047607422,36.23455047607422,36.1347302246913,36.17102912731307,50100
2021-07-22,36.27991485595703,36.28899131055868,36.18009462525788,36.25269241545841,42700
2021-07-23,36.35251998901367,36.35251998901367,36.19825138450336,36.19825138450336,63600
2021-07-26,36.33437728881836,36.33437728881836,36.23455701940962,36.31622783423,59700
2021-07-27,36.31621170043945,36.31621170043945,36.198242028851396,36.31621170043945,103000
2021-07-28,36.37974548339844,36.37974548339844,36.22547686596141,36.29807467690922,133800
2021-07-29,36.41603088378906,36.41603088378906,36.35250955359404,36.38880498395343,57300
2021-07-30,36.37974548339844,36.38881847893983,36.31622412964618,36.36159603066148,50600
2021-08-02,36.4341926574707,36.488637552257906,36.388817296275974,36.41604320532362,78900
2021-08-03,36.524085998535156,36.524085998535156,36.39695149848373,36.39695149848373,75100
2021-08-04,36.46959686279297,36.54224712519176,36.424192180871316,36.53316411031432,46500
2021-08-05,36.47868728637695,36.505932874974924,36.43328259092195,36.48777030396168,54600
2021-08-06,36.36970901489258,36.4151137024706,36.34246689517689,36.38787158275491,132400
2021-08-09,36.34246826171875,36.40603551954934,36.29706357243343,36.40603551954934,52200
2021-08-10,36.32432174682617,36.34248432339846,36.287996593681605,36.32432174682617,131500
2021-08-11,36.333370208740234,36.396940904417725,36.297048550837204,36.297048550837204,68500
2021-08-12,36.34246826171875,36.39695596735458,36.3061431246282,36.32430569317347,57100
2021-08-13,36.50593185424805,36.50593185424805,36.360634754360895,36.36971430753554,70900
2021-08-16,36.451438903808594,36.50592660749366,36.41511376801855,36.487764039598645,142300
2021-08-17,36.38786315917969,36.41510527258899,36.315216368703275,36.41510527258899,110300
2021-08-18,36.30613708496094,36.39694991258025,36.29705753427659,36.37878734705639,108300
2021-08-19,36.27890396118164,36.30614608414234,36.179011558117715,36.23349926819513,119800
2021-08-20,36.35155487060547,36.35155487060547,36.22442033026448,36.22442033026448,86100
2021-08-23,36.38786315917969,36.4786725133139,36.32429591845478,36.34245848211258,73100
2021-08-24,36.406044006347656,36.49685340608733,36.406044006347656,36.406044006347656,151800
2021-08-25,36.46052169799805,36.48776381759703,36.406033994644496,36.469601249812506,88500
2021-08-26,36.378787994384766,36.442355242771825,36.360625428537716,36.442355242771825,66900
2021-08-27,36.56949996948242,36.56949996948242,36.360635600046564,36.360635600046564,113900
2021-08-30,36.642147064208984,36.642147064208984,36.5331751019798,36.55133767304403,102900
2021-08-31,36.59672546386719,36.660292701150915,36.56040033851802,36.660292701150915,70100
2021-09-01,36.65122985839844,36.678471982750615,36.587662592139225,36.587662592139225,148400
2021-09-02,36.69939041137695,36.74483225071868,36.64485812397282,36.681212982242236,101400
2021-09-03,36.68122863769531,36.69031562264592,36.60851889012414,36.68122863769531,59500
2021-09-07,36.544883728027344,36.690299693043755,36.544883728027344,36.690299693043755,83400
2021-09-08,36.58125305175781,36.59943048794673,36.49945632240342,36.59943048794673,48100
2021-09-09,36.60851287841797,36.635780762775134,36.51762917587015,36.58124846105183,58400
2021-09-10,36.508544921875,36.653964417818635,36.49037095187366,36.644873965826356,60700
2021-09-13,36.544883728027344,36.60850299603514,36.50852887002572,36.544883728027344,86000
2021-09-14,36.53580093383789,36.617597640219984,36.526710484800724,36.53580093383789,52300
2021-09-15,36.617610931396484,36.617610931396484,36.49945931996093,36.53581419532444,211900
2021-09-16,36.544883728027344,36.55397417602279,36.45400005001336,36.544883728027344,94900
2021-09-17,36.399471282958984,36.5448872620376,36.363116421441724,36.48126798787761,74000
2021-09-20,36.16317367553711,36.26314781690503,36.090463948363855,36.19952853912374,148200
2021-09-21,36.28133010864258,36.326775432051335,36.23588825222523,36.27224312415567,95000
2021-09-22,36.39039611816406,36.44492496115674,36.2722445133607,36.2904219500221,167700
2021-09-23,36.408565521240234,36.44491691955053,36.3631202061185,36.42674295389077,100400
2021-09-24,36.326778411865234,36.33586539709753,36.2631591142641,36.308600974408954,56400
2021-09-27,36.244972229003906,36.30859151002171,36.217704346431425,36.30859151002171,121600
2021-09-28,35.963226318359375,36.11773275908366,35.92687145383711,36.11773275908366,203300
2021-09-29,35.963226318359375,36.03593604740391,35.9177844712019,35.9723167679853,80200
2021-09-30,35.89961242675781,36.00867356970181,35.8632575567794,36.00867356970181,78000
2021-10-01,36.04502487182617,36.07228928811565,35.83598959062816,35.9359637396774,123800
2021-10-04,35.87846374511719,36.00588891316995,35.81475289708121,35.94217806513398,324800
2021-10-05,35.9239616394043,35.951265286816515,35.832943694730936,35.85114728366561,108200
2021-10-06,35.90576171875,35.90576171875,35.70552569199125,35.80564370537063,74700
2021-10-07,35.98768615722656,36.03319341088798,35.923975307704396,35.969482561365815,115500
2021-10-08,35.933074951171875,36.00588933376688,35.842060444908974,36.00588933376688,61400
2021-10-11,35.823856353759766,35.92397439245268,35.78744916296583,35.89666726336682,59400
2021-10-12,35.86026382446289,35.887567481781055,35.751042251228554,35.82385663338478,85600
2021-10-13,35.98768615722656,35.98768615722656,35.86936452012215,35.923975307704396,50900
2021-10-14,36.1788215637207,36.187921626379485,36.03319625731202,36.06049991726953,80900
2021-10-15,36.16972351074219,36.224330833691326,36.142416377286246,36.151519912432015,88200
2021-10-18,36.21522521972656,36.21522521972656,36.060496393796484,36.07869998931654,287900
2021-10-19,36.21522521972656,36.28803612982596,36.169717966916835,36.278936068056346,660900
2021-10-20,36.26073455810547,36.26983462039848,36.17882010954424,36.26073455810547,53500
2021-10-21,36.21522521972656,36.242528877016234,36.10600364660621,36.242528877016234,127300
2021-10-22,36.269832611083984,36.2789361448537,36.16971804348299,36.260732549295106,71600
2021-10-25,36.269832611083984,36.30623980220117,36.22432535817792,36.29713974041229,68500
2021-10-26,36.315345764160156,36.39726021366053,36.278938570608645,36.39726021366053,93400
2021-10-27,36.351741790771484,36.45185981585457,36.32443813737804,36.32443813737804,100700
2021-10-28,36.45186233520508,36.45186233520508,36.31534058682188,36.31534058682188,108500
2021-10-29,36.424560546875,36.424560546875,36.260731662833614,36.260731662833614,150100
2021-11-01,36.38813400268555,36.43364123027491,36.315323132938346,36.397237531390765,156300
2021-11-02,36.481964111328125,36.491075162063396,36.38176340232645,36.38176340232645,125800
2021-11-03,36.509300231933594,36.55484506910465,36.42731813508635,36.436425712581226,107100
2021-11-04,36.61860656738281,36.61860656738281,36.55484310380179,36.55484310380179,59600
2021-11-05,36.80078887939453,36.819004033156645,36.682369530852185,36.737025416682826,75700
2021-11-08,36.700599670410156,36.819015581244926,36.69148861582336,36.819015581244926,125000
2021-11-09,36.80078887939453,36.80989645627559,36.71880678807261,36.75524057044494,126600
2021-11-10,36.46375274658203,36.73702872550049,36.46375274658203,36.73702872550049,123700
2021-11-11,36.472869873046875,36.600396831193706,36.472869873046875,36.50930713961711,165800
2021-11-12,36.54573440551758,36.609497873205015,36.52751577548569,36.53662682792582,153400
2021-11-15,36.445533752441406,36.64593520835446,36.445533752441406,36.618609000674816,131400
2021-11-16,36.527523040771484,36.55485272867936,36.454651980998314,36.50930788196499,71500
2021-11-17,36.527523040771484,36.527523040771484,36.445540926746,36.445540926746,114400
2021-11-18,36.509300231933594,36.56395264659953,36.48197054975229,36.52751538692335,93800
2021-11-19,36.58217239379883,36.61860965458794,36.51840892484209,36.51840892484209,68500
2021-11-22,36.399993896484375,36.5912843261191,36.3817752639217,36.48197600559195,121700
2021-11-23,36.308895111083984,36.39998477622534,36.27245785508824,36.3635475202296,64600
2021-11-24,36.36356735229492,36.36356735229492,36.15405822832873,36.2724776374748,112400
2021-11-26,36.24514389038086,36.33623358628291,36.14494313997911,36.226925256230615,95900
2021-11-29,36.32712936401367,36.33623694450594,36.181383752190975,36.190491332683244,109300
2021-11-30,36.217803955078125,36.39998677018866,36.14493291394282,36.35444193512307,165700
2021-12-01,36.135833740234375,36.354453885199305,36.07207025521321,36.336235250214784,239300
2021-12-02,36.297183990478516,36.31541503771371,36.16045287482291,36.18780118428406,192900
2021-12-03,36.22425079345703,36.3427473438189,36.15132662965079,36.3427473438189,1213100
2021-12-06,36.342750549316406,36.36098159187598,36.27894363896582,36.288060898853516,134300
2021-12-07,36.48858642578125,36.561510578059,36.4247795311457,36.4247795311457,136700
2021-12-08,36.46125793457031,36.55240968852013,36.43391310382867,36.55240968852013,292100
2021-12-09,36.388336181640625,36.497722466351036,36.388336181640625,36.497722466351036,172800
2021-12-10,36.43389892578125,36.525050644259885,36.43389892578125,36.44301270674305,224100
2021-12-13,36.47035217285156,36.543276318701054,36.433893577141475,36.45212461360385,181300
2021-12-14,36.288055419921875,36.37920714174142,36.288055419921875,36.37920714174142,230000
2021-12-15,36.406551361083984,36.47035826074607,36.25159274110899,36.42478240058961,240800
2021-12-16,36.45213317871094,36.552398686991246,36.397440056472654,36.552398686991246,142200
2021-12-17,36.32450866699219,36.452125926826334,36.32450866699219,36.333625924159165,246300
2021-12-20,36.16044616699219,36.26071516957732,36.15133238367357,36.18779447138017,319800
2021-12-21,36.388336181640625,36.388336181640625,36.187801614105055,36.26983958902949,197000
2021-12-22,36.50681686401367,36.50681686401367,36.36097203906949,36.488585826243785,256400
2021-12-23,36.54528045654297,36.55443704197567,36.36219065445853,36.54528045654297,170000
2021-12-27,36.691749572753906,36.691749572753906,36.54527217673014,36.57273843459126,241000
2021-12-28,36.63682174682617,36.73752321377757,36.63682174682617,36.73752321377757,332100
2021-12-29,36.54528045654297,36.710064072190264,36.54528045654297,36.710064072190264,163900
2021-12-30,36.5727424621582,36.67344393690761,36.5727424621582,36.65513426038829,220100
2021-12-31,36.62766647338867,36.66428582490155,36.59105061408937,36.636823057373675,161700
2022-01-03,36.453731536865234,36.58189578108125,36.453731536865234,36.58189578108125,343600
2022-01-04,36.47203063964844,36.52695965362207,36.426258207443446,36.46287755009253,185400
2022-01-05,36.2889404296875,36.5361157747591,36.252321083999924,36.5361157747591,237700
2022-01-06,36.23401641845703,36.25232259985326,36.13331495971199,36.20655016193637,175600
2022-01-07,36.16993713378906,36.2157130719164,36.078392241961936,36.2157130719164,111900
2022-01-10,36.078392028808594,36.078392028808594,35.849526308379154,36.078392028808594,693400
2022-01-11,36.25232696533203,36.25232696533203,36.00515507237396,36.0234612559746,128900
2022-01-12,36.3163948059082,36.33470447452354,36.25231271186063,36.33470447452354,116700
2022-01-13,36.23401641845703,36.316404711379526,36.169930814717596,36.316404711379526,193900
2022-01-14,36.041770935058594,36.13331931413802,35.99599849162567,36.06923719488921,207200
2022-01-18,35.72135543823242,35.90444867905929,35.71219885547387,35.90444867905929,507900
2022-01-19,35.767120361328125,35.876974885860456,35.73965760324813,35.849512127780464,109300
2022-01-20,35.71220016479492,35.91360308630985,35.657274635082295,35.7945919515771,158200
2022-01-21,35.61150360107422,35.748820922986,35.55657457698148,35.693895391106636,2017200
2022-01-24,35.55656433105469,35.55656433105469,35.16291516902354,35.547411242450124,1302200
2022-01-25,35.36433410644531,35.492498358408334,35.300251980463806,35.400949969710496,220800
2022-01-26,35.28193283081055,35.593190284394005,35.172074793866024,35.49248882996803,207900
2022-01-27,35.19954299926758,35.474181122417846,35.19954299926758,35.336860314736114,288600
2022-01-28,35.43755340576172,35.43755340576172,35.09883325027609,35.14460567795592,373300
2022-01-31,35.620662689208984,35.620662689208984,35.336867921938506,35.42841631083896,330200
2022-02-01,35.71220016479492,35.71220016479492,35.529110409468515,35.63896496110701,366600
2022-02-02,35.737857818603516,35.80200241196181,35.71036827734086,35.719530292555696,130800
2022-02-03,35.499610900878906,35.60957257371998,35.4629558447257,35.60957257371998,336200
2022-02-04,35.362152099609375,35.42629669265194,35.25219043948186,35.37131411477911,136500
2022-02-07,35.389652252197266,35.42630731510337,35.29801809055118,35.343835171374224,127200
2022-02-08,35.37131881713867,35.389646345532796,35.25219512600479,35.27052265439892,164700
2022-02-09,35.58208084106445,35.59124285673,35.508770733266715,35.508770733266715,87300
2022-02-10,35.16054153442383,35.462940372324034,35.13305200211182,35.35297874745897,58700
2022-02-11,35.17887878417969,35.28884043945764,35.0780791436674,35.224695849244,127900
2022-02-14,34.92231750488281,35.05060674806022,34.913151990016026,35.05060674806022,121900
2022-02-15,35.050594329833984,35.11473892869662,35.03226680221345,35.087249385075054,82400
2022-02-16,35.206363677978516,35.206363677978516,35.02309544190682,35.05058497819407,78400
2022-02-17,35.050594329833984,35.13306645631715,34.986449730971344,35.09641140107609,135400
2022-02-18,35.00477600097656,35.050593070572596,34.931465893128234,35.050593070572596,66300
2022-02-22,34.86732864379883,34.95896629791908,34.72987740604706,34.95896629791908,116500
2022-02-23,34.619903564453125,34.91313699307726,34.53743144417645,34.89481296245418,97000
2022-02-24,34.58324432373047,34.61073385917555,33.96012255244759,34.28084545136491,411600
2022-02-25,34.93147659301758,34.93147659301758,34.62908104456205,34.62908104456205,116800
2022-02-28,34.97726821899414,34.97726821899414,34.81232753709841,34.82148954890828,360900
2022-03-01,34.86732864379883,35.04143843881778,34.83067358215072,34.99561786394811,154400
2022-03-02,34.77560806274414,34.91317120949161,34.766438818869844,34.867317993367834,48500
2022-03-03,34.702239990234375,34.87648359264671,34.702239990234375,34.87648359264671,68800
2022-03-04,34.702239990234375,34.71140923315048,34.59219158336215,34.67472876311027,94000
2022-03-07,34.18868637084961,34.528007944708435,34.18868637084961,34.528007944708435,291900
2022-03-08,34.11532211303711,34.35376099223173,34.06946888608164,34.21620131136532,128000
2022-03-09,34.427120208740234,34.46380418033678,34.26204583493186,34.26204583493186,324300
2022-03-10,34.18868637084961,34.21620110555897,34.07863792714302,34.20702836119687,101700
2022-03-11,34.060298919677734,34.27122657957807,34.014445688982406,34.22537334888274,61400
2022-03-14,33.7668342590332,34.01444590440892,33.7668342590332,33.95941992819967,232100
2022-03-15,33.96858215332031,33.97775139732683,33.84019174697197,33.89521420776343,1569000
2022-03-16,34.317073822021484,34.33541581077443,33.9685865308454,34.11531894249234,70100
2022-03-17,34.45463562011719,34.50966158419068,34.28039198144922,34.28039198144922,107500
2022-03-18,34.61054611206055,34.674741330868024,34.445471692733584,34.50049416692454,97400
2022-03-21,34.37208557128906,34.57384386574353,34.344574348727164,34.463795477120726,147000
2022-03-22,34.41794967651367,34.454633650465574,34.37209645826195,34.37209645826195,927800
2022-03-23,34.38127517700195,34.417955658953254,34.353760442567335,34.36293318683784,278800
2022-03-24,34.47297668457031,34.47297668457031,34.30790229514887,34.41795072197103,227700
2022-03-25,34.317073822021484,34.390441777033274,34.252878610574484,34.362930543092176,163700
2022-03-28,34.463809967041016,34.463809967041016,34.28039357663753,34.31707405601689,151200
2022-03-29,34.66556930541992,34.68391129665644,34.54634811157109,34.54634811157109,192600
2022-03-30,34.6380615234375,34.70225674998124,34.601377537304664,34.6380615234375,161900
2022-03-31,34.546348571777344,34.69308450362425,34.537179325225495,34.619716537700796,145700
2022-04-01,34.583030700683594,34.583030700683594,34.427129029020165,34.49132424657299,95400
2022-04-04,34.701515197753906,34.701515197753906,34.563739972174744,34.62803577821675,84100
2022-04-05,34.278987884521484,34.64639537571969,34.278987884521484,34.545358140447306,558300
2022-04-06,34.17795944213867,34.23307163115425,34.04018422538735,34.13203436988823,104600
2022-04-07,34.10447692871094,34.1228476567137,33.994252560694335,34.049364744702636,119400
2022-04-08,34.003456115722656,34.076935559399544,33.94834390507015,34.03101046911902,164700
2022-04-11,33.75544738769531,33.884039007602446,33.7003351917956,33.87485539354859,165100
2022-04-12,33.7738151550293,33.9391482243568,33.71870296396728,33.84729457258677,65700
2022-04-13,33.9207763671875,33.9207763671875,33.71870184386471,33.82892622232719,124000
2022-04-14,33.67277908325195,33.89322435145324,33.65440835224695,33.89322435145324,102700
2022-04-18,33.5441780090332,33.672769585940614,33.516623672226665,33.63602813429345,155800
2022-04-19,33.580936431884766,33.60849078261678,33.470712021237816,33.5166406109371,1708900
2022-04-20,33.70952224731445,33.74626371117959,33.65441005151675,33.663597169412455,243900
2022-04-21,33.406410217285156,33.75544711410329,33.39722660330573,33.67278057285318,163500
2022-04-22,33.1308479309082,33.36966388072921,33.1308479309082,33.31455169911099,1259100
2022-04-25,33.32374572753906,33.32374572753906,33.149229020315666,33.149229020315666,466000
2022-04-26,33.05736541748047,33.32373217727658,33.05736541748047,33.31454856646607,208300
2022-04-27,33.02981948852539,33.18596895947547,33.0206358744031,33.07574456685463,263300
2022-04-28,33.25025939941406,33.27781374118933,32.98388908272546,33.07573922454855,226100
2022-04-29,32.83694076538086,33.19516137674926,32.83694076538086,33.18597776019153,116400
2022-05-02,32.73589324951172,32.80937617448428,32.561376558489954,32.708338904576365,199300
2022-05-03,32.853599548339844,32.973135039172014,32.8444061294757,32.8444061294757,471700
2022-05-04,33.19379806518555,33.22138532525668,32.752440487627865,32.835195252644816,242900
2022-05-05,32.697269439697266,33.00989812837483,32.55015026311946,32.945533707846906,649700
2022-05-06,32.494991302490234,32.63291711623527,32.42142993313311,32.494991302490234,156300
2022-05-09,32.30188751220703,32.38464227214395,32.22832616666399,32.38464227214395,296500
2022-05-10,32.393836975097656,32.54095616443783,32.32947254898622,32.476591738326384,234500
2022-05-11,32.34786605834961,32.5041786777784,32.274304702666534,32.283501625926164,354800
2022-05-12,32.40303421020508,32.45820171449127,32.255915019444934,32.38464387291029,317700
2022-05-13,32.48579788208008,32.55935574383117,32.40304309536063,32.40304309536063,591800
2022-05-16,32.52256774902344,32.60532251714201,32.504177410819494,32.504177410819494,125100
2022-05-17,32.586917877197266,32.632895456327674,32.531750394395694,32.61450512619488,102900
2022-05-18,32.32947540283203,32.531765621381,32.32947540283203,32.47659460515897,300300
2022-05-19,32.43981170654297,32.51337305646897,32.37544727915683,32.37544727915683,225200
2022-05-20,32.531768798828125,32.54096221529717,32.311088219984136,32.54096221529717,153200
2022-05-23,32.55015182495117,32.59612591216308,32.52256456654561,32.52256456654561,126100
2022-05-24,32.651302337646484,32.724863703368875,32.53177037974606,32.53177037974606,114700
2022-05-25,32.84440231323242,32.84440231323242,32.68808614990687,32.70647649309807,187700
2022-05-26,33.00071334838867,33.01910369067678,32.89956821960367,32.89956821960367,416100
2022-05-27,33.221397399902344,33.221397399902344,33.10186191640967,33.10186191640967,1218900
2022-05-31,33.055885314941406,33.12944317858573,32.963933600886946,33.10185941816901,1651200
2022-06-01,32.84440231323242,33.12025044590182,32.80762162685002,33.06507941632821,114400
2022-06-02,33.09107971191406,33.09107971191406,32.84255101982787,32.97141696876136,366700
2022-06-03,32.879390716552734,32.92541379591059,32.805750980511455,32.90700386190027,440300
2022-06-06,32.750511169433594,33.035856250454934,32.750511169433594,32.91619348445614,183300
2022-06-07,32.9254035949707,32.943813523277264,32.658464901527765,32.70448796662677,252900
2022-06-08,32.695281982421875,32.87017101948452,32.695281982421875,32.86096781177996,110300
2022-06-09,32.51118469238281,32.72289357294389,32.4743648406328,32.62164073629852,104600
2022-06-10,32.04172897338867,32.26264095849982,32.014112341750256,32.25343775550881,312600
2022-06-13,31.332971572875977,31.682749564030054,31.240921960993067,31.682749564030054,2940700
2022-06-14,31.194896697998047,31.452628570321405,31.121260525048548,31.406605523311292,2061000
2022-06-15,31.627532958984375,31.673556023302368,31.250138213441257,31.38820740639524,196600
2022-06-16,31.30535888671875,31.351385454139024,31.10285673767277,31.277745755333868,220500
2022-06-17,31.360595703125,31.434235418466617,31.22252299252692,31.38820884071066,121600
2022-06-21,31.415817260742188,31.535476499827084,31.360587488702564,31.461840315108223,517300
2022-06-22,31.57228660583496,31.645926279165362,31.443420688839645,31.517060362170046,178100
2022-06-23,31.691965103149414,31.802421156823495,31.59991897697678,31.59991897697678,242100
2022-06-24,31.903663635253906,31.931276761865824,31.728774647822586,31.728774647822586,124400
2022-06-27,31.830028533935547,31.912867916564956,31.784001972918837,31.912867916564956,267700
2022-06-28,31.64592933654785,31.89445799104952,31.64592933654785,31.81161510621563,347600
2022-06-29,31.728788375854492,31.765604723488476,31.590715660388256,31.645945448841754,145000
2022-06-30,31.820819854736328,31.857639696745487,31.636724156023924,31.728773761046824,201500
2022-07-01,31.98650550842285,32.02332535028925,31.830026447490738,31.830026447490738,140100
2022-07-05,31.959714889526367,31.98742802225139,31.784214825745657,31.885821423998525,411900
2022-07-06,31.848873138427734,32.1259798022797,31.821163529123258,31.99666359405561,139500
2022-07-07,31.987438201904297,32.015147819845225,31.93201544241894,31.987438201904297,84800
2022-07-08,31.90430450439453,31.95972373798334,31.830407494804977,31.88583025199714,208400
2022-07-11,31.8765811920166,31.92276857007312,31.82116197611235,31.92276857007312,338400
2022-07-12,31.858121871948242,32.00591237326128,31.821173365719112,31.848882983589213,88000
2022-07-13,31.895055770874023,31.913530017568693,31.59023950941767,31.636423364353206,124900
2022-07-14,31.74727439880371,31.76574865078095,31.507116170306194,31.55330003844765,145000
2022-07-15,31.959714889526367,31.978189136808922,31.784214825745657,31.876582538556058,1589200
2022-07-18,31.839651107788086,32.02438661196988,31.839651107788086,31.950493115017938,211400
2022-07-19,32.107505798339844,32.116744683913,31.968954227164456,32.0059027222522,166100
2022-07-20,32.107505798339844,32.16292854097146,32.05208657931066,32.125980045883715,71700
2022-07-21,32.41233444213867,32.41233444213867,32.08904383090696,32.08904383090696,88200
2022-07-22,32.440040588378906,32.60630532025285,32.36614710954772,32.47698908959601,152300
2022-07-25,32.421566009521484,32.44927914695524,32.384621032281444,32.41233064611222,513100
2022-07-26,32.329200744628906,32.47699123566022,32.31072649279959,32.458516983830904,133400
2022-07-27,32.597068786621094,32.6617268996285,32.430804060715516,32.430804060715516,247100
2022-07-28,32.911128997802734,32.911128997802734,32.70791574107584,32.74486424659044,4799100
2022-07-29,33.021968841552734,33.058917344662596,32.84646873718569,32.90188796824728,252200
2022-08-01,33.09587478637695,33.142058665936126,32.98502924710997,32.99426813718429,178700
2022-08-02,32.79161834716797,33.050550621153654,32.763876989385054,33.050550621153654,113800
2022-08-03,32.9765739440918,33.00431530606456,32.745386520611724,32.791623299779715,40000
2022-08-04,33.0875358581543,33.0875358581543,32.98581284911015,32.98581284911015,47700
2022-08-05,32.82862091064453,32.82862091064453,32.708402437880196,32.77313464760541,97600
2022-08-08,32.930335998535156,33.04130497013585,32.893345165454924,32.911840581995044,192800
2022-08-09,32.810123443603516,32.856360229432376,32.782382077634324,32.856360229432376,73000
2022-08-10,33.05980682373047,33.14303445054619,33.032065457338796,33.11529308415451,101500
2022-08-11,32.948829650878906,33.23549977280136,32.93958017928409,33.13378027873715,204700
2022-08-12,33.18001937866211,33.18001937866211,33.02281009929327,33.04130551613902,110600
2022-08-15,33.253990173339844,33.26323964353975,33.18001204993703,33.18001204993703,146800
2022-08-16,33.19851303100586,33.25399575095414,33.10603595169227,33.19851303100586,126200
2022-08-17,33.0135612487793,33.106034797228304,32.930333644119294,33.0690439667928,204700
2022-08-18,33.03205871582031,33.08754143728019,33.00431382745041,33.069046020913575,65300
2022-08-19,32.76388168334961,32.884100130364814,32.70839543219487,32.884100130364814,119700
2022-08-22,32.48644256591797,32.66214365577039,32.43095634024108,32.606657430093506,187800
2022-08-23,32.44020462036133,32.58816435577618,32.403213804598025,32.403213804598025,64700
2022-08-24,32.412479400634766,32.467965657928275,32.384738035808255,32.45871618455911,82400
2022-08-25,32.70839309692383,32.70839309692383,32.44946433196859,32.46795974769966,93700
2022-08-26,32.35698318481445,32.7176348878039,32.32923830391133,32.7176348878039,174200
2022-08-29,32.17203903198242,32.236771220969125,32.15354361689483,32.181284975706355,155700
2022-08-30,32.079566955566406,32.25527166245907,32.014834756492355,32.199785408549765,1103700
2022-08-31,31.91309928894043,32.162782042801794,31.91309928894043,32.162782042801794,99200
2022-09-01,31.820634841918945,31.820634841918945,31.598693377059742,31.700416401468548,1464800
2022-09-02,31.811376571655273,32.0150593875369,31.774342690268554,31.90395774337675,229000
2022-09-06,31.58917999267578,31.755828943934123,31.542889402158615,31.709538353416953,1321400
2022-09-07,31.839153289794922,31.857670232275453,31.56140621607827,31.56140621607827,165000
2022-09-08,31.829885482788086,31.866915823088036,31.718783866654963,31.829885482788086,105700
2022-09-09,31.978029251098633,32.024319842380464,31.885444536789237,31.885444536789237,111000
2022-09-12,32.0983772277832,32.190961922322025,32.042829942804886,32.05208664638628,194700
2022-09-13,31.616952896118164,31.820632173194753,31.552145371810358,31.820632173194753,165700
2022-09-14,31.62621307373047,31.700280842071393,31.552148837135128,31.570662247474775,70600
2022-09-15,31.505857467651367,31.635472541822494,31.468827111992397,31.58918194843936,1712700
2022-09-16,31.422527313232422,31.450304489643585,31.28365555815762,31.404010372873397,278600
2022-09-19,31.468828201293945,31.468828201293945,31.255885107217857,31.265145345262564,137300
2022-09-20,31.237369537353516,31.29291683480158,31.16330176509507,31.29291683480158,160100
2022-09-21,31.09849739074707,31.357727556505356,31.0799804458006,31.292920015065786,225400
2022-09-22,30.848514556884766,30.99664653969383,30.802223974459128,30.9596126610553,1625800
2022-09-23,30.59854507446289,30.783710959515847,30.4596733094823,30.783710959515847,372100
2022-09-26,30.181921005249023,30.515218873103148,30.181921005249023,30.422637701697138,344500
2022-09-27,30.061561584472656,30.339308587895626,29.996754068065457,30.274501071488427,200700
2022-09-28,30.580026626586914,30.580026626586914,30.218955110977983,30.24672875625703,321600
2022-09-29,30.26525115966797,30.33931893610786,30.1541530267541,30.320801991997886,176600
2022-09-30,30.2004451751709,30.422644984178273,30.126380926665878,30.274512955422075,247200
2022-10-03,30.552263259887695,30.64484446312814,30.3300634276655,30.35784061403485,319800
2022-10-04,30.93735122680664,30.94662901875432,30.79815956905518,30.83527781642769,414900
2022-10-05,30.76105308532715,30.78889000840318,30.54762487577143,30.77033087975521,240900
2022-10-06,30.594011306762695,30.742480732288,30.547611735206402,30.72392161162355,531100
2022-10-07,30.213558197021484,30.417701444847154,30.204276866789673,30.417701444847154,223300
2022-10-10,30.120765686035156,30.28779424945271,30.000136698959682,30.28779424945271,209000
2022-10-11,30.03725242614746,30.232121449957543,29.963019473098086,30.120766710697264,233500
2022-10-12,30.04652976989746,30.065088890644358,29.916619464459533,30.01868931888195,261000
2022-10-13,30.120765686035156,30.306353372031403,29.55472660654776,29.647520449545883,862900
2022-10-14,29.833114624023438,30.25996391679788,29.833114624023438,30.250682583594568,171700
2022-10-17,30.092926025390625,30.250673243225425,30.092926025390625,30.092926025390625,1665300
2022-10-18,30.278522491455078,30.362036789805185,30.102212561720748,30.297081617731923,134400
2022-10-19,29.981582641601562,30.139329900484938,29.944464390173252,30.06509693741961,133200
2022-10-20,29.870222091674805,30.13932405262995,29.823826056287164,30.037250650902784,173600
2022-10-21,30.018686294555664,30.111481888941157,29.72174747210205,29.805261737154,363500
2022-10-24,30.120765686035156,30.13932480861385,29.9444593312236,30.009414490353684,238300
2022-10-25,30.40842628479004,30.445544529347437,30.185720357236274,30.185720357236274,2709800
2022-10-26,30.482667922973633,30.63113740373273,30.426994080058748,30.45483100151619,259900
2022-10-27,30.61256980895996,30.70536187061722,30.501215087222945,30.658965839788593,258600
2022-10-28,30.71464729309082,30.71464729309082,30.50122266641344,30.575459166018337,546800
2022-10-31,30.575450897216797,30.621846927026986,30.45481838787817,30.621846927026986,356100
2022-11-01,30.575450897216797,30.807434586057912,30.547610447498545,30.73319810652947,133100
2022-11-02,30.428647994995117,30.82816945832136,30.372899577679437,30.660927750682106,431700
2022-11-03,30.205671310424805,30.298585380627532,30.10347114966586,30.168509226653086,257500
2022-11-04,30.437938690185547,30.530852722294355,30.27999015206245,30.400776621649943,2617300
2022-11-07,30.540142059326172,30.540142059326172,30.38219352272373,30.53085242835869,622800
2022-11-08,30.59589958190918,30.6981032745018,30.493695889316555,30.57731677013698,512400
2022-11-09,30.428647994995117,30.623762139138314,30.428647994995117,30.4843964123108,434800
2022-11-10,31.33918571472168,31.404223765888062,31.013995458889767,31.013995458889767,1558700
2022-11-11,31.46925926208496,31.534297307970945,31.311310734735475,31.311310734735475,356500
2022-11-14,31.32061195373535,31.48785371769498,31.302029141705507,31.459981271804704,498400
2022-11-15,31.562177658081055,31.65508815240931,31.49713960318964,31.57146728979061,237600
2022-11-16,31.645797729492188,31.664380536754866,31.543594061701498,31.571466500441478,213600
2022-11-17,31.50643539428711,31.54360101700742,31.376359259074896,31.432107693155356,370000
2022-11-18,31.534305572509766,31.627219622631937,31.432105433838284,31.580764369725152,271100
2022-11-21,31.478557586669922,31.543595643196056,31.422809162086843,31.459974778475562,543500
2022-11-22,31.710832595825195,31.710832595825195,31.525008086181824,31.525008086181824,275300
2022-11-23,31.896657943725586,31.905947574513412,31.7201230599865,31.7201230599865,266500
2022-11-25,31.905954360961914,31.905954360961914,31.81304385609015,31.81304385609015,115100
2022-11-28,31.692256927490234,31.896664288561023,31.682963750546005,31.803750240661337,477700
2022-11-29,31.66438102722168,31.78516395983784,31.66438102722168,31.69225346639339,293200
2022-11-30,32.147518157958984,32.147518157958984,31.655086188810607,31.757289852816786,470300
2022-12-01,32.351932525634766,32.351932525634766,32.11965270937127,32.24043920623473,651300
2022-12-02,32.39658737182617,32.39658737182617,32.08955665203436,32.18259540368015,618500
2022-12-05,32.070953369140625,32.32216229817845,31.98721705946135,32.26633690865845,740800
2022-12-06,31.977909088134766,32.11747077875755,31.931389707660916,32.04303693063841,412300
2022-12-07,32.12677764892578,32.17330058499244,32.033738875195894,32.052347339782216,340700
2022-12-08,32.136077880859375,32.21050817662757,32.0709500411118,32.12677187563768,572100
2022-12-09,32.01512145996094,32.163985585831,32.00581900486937,32.13607467135559,338300
2022-12-12,32.12677764892578,32.12677764892578,31.98721948833095,32.09886672664716,762500
2022-12-13,32.275638580322266,32.619889816850524,32.24772766084211,32.517545046488145,2196200
2022-12-14,32.33144760131836,32.424486318620744,32.182583524114804,32.35935850666916,1006900
2022-12-15,32.05233383178711,32.21050039031123,32.033725375043055,32.21050039031123,914600
2022-12-16,31.95929527282715,31.977903731739964,31.85695407260762,31.949992817971058,335600
2022-12-19,31.726699829101562,31.903478441859196,31.549924765545118,31.903478441859196,1285000
2022-12-20,31.652263641357422,31.698783012668777,31.559221349534187,31.652263641357422,332500
2022-12-21,31.782522201538086,31.866258497221445,31.717394365917787,31.73600282598085,319600
2022-12-22,31.652263641357422,31.801127759074074,31.58713581168142,31.801127759074074,696900
2022-12-23,31.69624137878418,31.705595251355255,31.53719699453006,31.6775300648238,930900
2022-12-27,31.55590057373047,31.724298789279082,31.509124084704155,31.724298789279082,491000
2022-12-28,31.424936294555664,31.621399760512507,31.350091030104313,31.602688444399668,1047300
2022-12-29,31.686885833740234,31.686885833740234,31.452999748465583,31.527845008786322,783400
2022-12-30,31.443641662597656,31.537194656646154,31.39686516557341,31.52784078476849,620900
2023-01-03,31.602672576904297,31.77107076854957,31.50911961213108,31.67751780377635,758000
2023-01-04,31.808496475219727,31.85527296215514,31.7055860626715,31.77107385814452,99400
2023-01-05,31.733661651611328,31.733661651611328,31.5933321447686,31.705596464006454,239400
2023-01-06,32.17336654663086,32.17336654663086,31.714951857537596,31.752370915654705,467900
2023-01-09,32.23884201049805,32.351109848300375,32.173354222855075,32.173354222855075,852200
2023-01-10,32.22014617919922,32.22014617919922,32.014328848676556,32.145304486868746,133800
2023-01-11,32.39789962768555,32.42596481424738,32.266923998639335,32.266923998639335,109200
2023-01-12,32.622432708740234,32.66920921566477,32.36048141490783,32.48210318796661,409400
2023-01-13,32.65049743652344,32.65049743652344,32.51016436425832,32.51016436425832,282400
2023-01-17,32.58499526977539,32.67854823086985,32.51015004584646,32.594349138358155,1310300
2023-01-18,32.66919708251953,32.90308309909708,32.65048934175263,32.83759529996075,273900
2023-01-19,32.64113998413086,32.650497425648496,32.538229540346485,32.631786111431495,303500
2023-01-20,32.64113998413086,32.65985129834786,32.500810480730756,32.60371735569685,456500
2023-01-23,32.678558349609375,32.76275746819287,32.57564791924979,32.60371310250502,744700
2023-01-24,32.77211380004883,32.80018255422914,32.613072991238745,32.7066259883249,165700
2023-01-25,32.8001823425293,32.82824752771039,32.65984927898772,32.6785605920478,243400
2023-01-26,32.856300354003906,32.884369097445,32.75338995529221,32.82823517937952,183300
2023-01-27,32.893741607666016,32.90309548156962,32.78147727672905,32.83760765778817,264600
2023-01-30,32.64113998413086,32.818895684783236,32.64113998413086,32.7721156148316,1665100
2023-01-31,32.809532165527344,32.893731279497416,32.66919911930469,32.67855655908893,155500
2023-02-01,33.08083724975586,33.16503635464336,32.56628875047321,32.91243903998085,149700
2023-02-02,33.259788513183594,33.316003526878234,33.16610039766504,33.259788513183594,128400
2023-02-03,32.95061492919922,33.06304496897563,32.81008274043807,32.81008274043807,131700
2023-02-06,32.697654724121094,32.78197546296848,32.697654724121094,32.725760445745976,67500
2023-02-07,32.76322555541992,32.88501935543833,32.63206080218687,32.697643178803396,239100
2023-02-08,32.7070198059082,32.81944625847187,32.66017574850438,32.735125525556,119400
2023-02-09,32.63206481933594,32.9131326928605,32.58521719543858,32.86628864293506,134000
2023-02-10,32.50089645385742,32.58521717325458,32.463423358325734,32.538373123361026,65300
2023-02-13,32.66017150878906,32.669538889464825,32.50089744552493,32.519635780848475,126400
2023-02-14,32.58521270751953,32.72574841191197,32.472786288388434,32.58521270751953,89800
2023-02-15,32.52900695800781,32.547745293459535,32.454053616200916,32.52900695800781,261100
2023-02-16,32.36974334716797,32.529017462957725,32.35100500566487,32.425958371677275,81100
2023-02-17,32.38847351074219,32.41657922891368,32.257308727312136,32.26667610871187,91900
2023-02-21,32.060569763183594,32.219840305575836,32.03246046384074,32.219840305575836,157700
2023-02-22,32.051185607910156,32.15424465712719,32.023079894113415,32.10740060947538,165200
2023-02-23,32.17298889160156,32.22920390347678,32.05119148619146,32.08866816077494,85300
2023-02-24,31.948137283325195,32.01371968684736,31.882554879803028,31.938769900239002,162900
2023-02-27,32.06993865966797,32.12615368703204,32.02309459051794,32.079309617882004,47100
2023-02-28,31.948137283325195,32.051196367138004,31.948137283325195,31.966875623470518,41100
2023-03-01,31.901288986206055,32.01371543818451,31.882550648547568,31.938765661523032,56300
2023-03-02,31.940690994262695,31.940690994262695,31.762406355429324,31.762406355429324,427400
2023-03-03,32.250362396240234,32.250362396240234,32.015780177746755,32.034547184759106,93700
2023-03-06,32.184654235839844,32.29725260952168,32.156505537278825,32.29725260952168,89000
2023-03-07,32.006378173828125,32.19404454554175,31.9594624757593,32.137743560196164,60200
2023-03-08,32.02515411376953,32.09083682529914,31.921937401526044,32.034535824228335,83000
2023-03-09,31.931312561035156,32.090830241623195,31.87501515095351,32.006380547062136,55500
2023-03-10,31.959463119506836,32.15651120302797,31.959463119506836,31.996993531054866,135900
2023-03-13,32.14712142944336,32.32540607203011,32.08143874410231,32.15650671559945,83700
2023-03-14,32.13774871826172,32.240965418242276,32.05329901640844,32.09083301266298,112700
2023-03-15,32.250362396240234,32.250362396240234,32.00639846396087,32.00639846396087,101500
2023-03-16,32.231590270996094,32.25974256676446,31.997008089753212,32.09084310991438,611300
2023-03-17,32.231590270996094,32.37234101151783,32.203441554667755,32.203441554667755,61100
2023-03-20,32.297271728515625,32.36295802977188,32.25035600999534,32.269123013291434,110300
2023-03-21,32.37234115600586,32.381722868343836,32.27850971486591,32.287891427203895,173800
2023-03-22,32.438018798828125,32.644452232323395,32.316035080904605,32.37233608443226,68400
2023-03-23,32.51307678222656,32.588141184353994,32.428627092684216,32.50369149481165,92600
2023-03-24,32.56000518798828,32.59753919341936,32.438021460057165,32.57877219070382,43700
2023-03-27,32.37234115600586,32.4661725971458,32.37234115600586,32.37234115600586,81400
2023-03-28,32.37234115600586,32.381722868343836,32.30665843131989,32.37234115600586,78300
2023-03-29,32.50369644165039,32.50369644165039,32.40986502985101,32.456780735750705,542900
2023-03-30,32.5881462097168,32.63506191571103,32.559997502008045,32.559997502008045,64400
2023-03-31,32.80396270751953,32.83211499585725,32.67259729340707,32.691364292485865,99500
2023-04-03,33.001007080078125,33.001007080078125,32.78519198434525,32.78519198434525,194900
2023-04-04,32.96151351928711,33.017939656803726,32.895684819215276,32.895684819215276,193500
2023-04-05,32.970916748046875,33.027339293169405,32.970916748046875,32.970916748046875,59700
2023-04-06,32.989723205566406,33.05555189530954,32.94269963798314,33.008528327726275,144600
2023-04-10,32.85805892944336,32.90508249229074,32.79223024633005,32.85805892944336,218100
2023-04-11,32.95211410522461,32.98032538298089,32.87687924801395,32.90509411316567,166700
2023-04-12,32.95211410522461,33.074365367098764,32.92389924007289,33.05556024019154,110200
2023-04-13,33.093170166015625,33.093170166015625,32.989727630682836,32.989727630682836,69600
2023-04-14,32.96151351928711,33.04615093186448,32.87687610670974,33.03674836930926,133200
2023-04-17,32.83925247192383,32.90508474694213,32.77342378429994,32.85806118087271,469700
2023-04-18,32.93330764770508,32.94271021180301,32.867478936832505,32.87688150093044,31800
2023-04-19,32.83925247192383,32.87686988982159,32.78282993247159,32.78282993247159,82800
2023-04-20,32.84865951538086,32.94269947529391,32.84865951538086,32.905085643765396,52900
2023-04-21,32.867469787597656,32.92389233127041,32.81104365653022,32.89568105943403,74900
2023-04-24,32.95211410522461,32.96151666867822,32.81105054165235,32.81105054165235,45000
2023-04-25,32.93330764770508,33.036753789760745,32.9050963680156,32.97092507888817,50900
2023-04-26,32.83925247192383,32.95210472561713,32.81104120219771,32.90508474694213,109400
2023-04-27,32.895694732666016,32.93331216901348,32.67939985476232,32.67939985476232,57900
2023-04-28,33.093170166015625,33.1025763157518,32.96151276886933,33.00853275536515,58600
2023-05-01,32.87687683105469,33.064960372858835,32.85806811813475,32.923896819656925,68600
2023-05-02,32.986148834228516,32.986148834228516,32.85428016937187,32.86369781979664,101400
2023-05-03,33.03323745727539,33.080332885985854,32.995559677046664,33.00498091867929,63500
2023-05-04,32.948463439941406,33.03323664680068,32.91078566063711,32.91078566063711,39800
2023-05-05,33.080326080322266,33.08974732001665,32.96729635604074,33.004974128517965,254100
2023-05-08,32.986148834228516,33.01440537865447,32.94847104622615,33.0049877282297,59200
2023-05-09,32.9107780456543,32.929616930947454,32.84484374370323,32.873103868217946,44100
2023-05-10,33.03323745727539,33.061493995871494,32.9767207869323,32.98614202856493,32500
2023-05-11,33.09917068481445,33.12742722247893,33.05207525765673,33.12742722247893,41600
2023-05-12,32.948463439941406,33.08033207435565,32.91078566063711,33.05207553645283,81300
2023-05-15,32.957881927490234,32.967299574954,32.882526375178095,32.9390430394122,80700
2023-05-16,32.82601547241211,32.88253214656575,32.8165978232954,32.83543671467995,59900
2023-05-17,32.873111724853516,32.901368262971545,32.81659505546662,32.82601270378902,51000
2023-05-18,32.81658935546875,32.84484588867883,32.76949393573521,32.78833282225867,53000
2023-05-19,32.80717086791992,32.873105172486994,32.778910742283955,32.78833198187931,42100
2023-05-22,32.81658935546875,32.83542824199221,32.77891158242184,32.77891158242184,83800
2023-05-23,32.65645980834961,32.76949312469278,32.65645980834961,32.72239770612485,51600
2023-05-24,32.54344177246094,32.684731672056195,32.51518522980245,32.684731672056195,88400
2023-05-25,32.51518249511719,32.552860277593894,32.47750471264048,32.47750471264048,77800
2023-05-26,32.628204345703125,32.66588211905295,32.53401350547879,32.53401350547879,172800
2023-05-30,32.78833770751953,32.78833770751953,32.67530437153752,32.67530437153752,71800
2023-05-31,32.76007080078125,32.77890968621491,32.6470410813293,32.74123191534759,71700
2023-06-01,32.89194107055664,32.967296616105536,32.76949369876495,32.76949369876495,164700
2023-06-02,33.023094177246094,33.023094177246094,32.93817750539248,32.96648186293314,255600
2023-06-05,32.96648406982422,33.01366280119247,32.891004578252385,32.900438164986916,156500
2023-06-06,33.032527923583984,33.041965108964405,32.919306893640496,32.93817766516968,108100
2023-06-07,32.909881591796875,33.05140701504409,32.853269262958456,32.97592750915875,212400
2023-06-08,33.070274353027344,33.070274353027344,32.909878170176945,32.93818253203709,58200
2023-06-09,32.98534393310547,33.05138981609906,32.97591034949096,32.97591034949096,81100
2023-06-12,33.145755767822266,33.145755767822266,32.99479318017737,33.05140190102421,79900
2023-06-13,33.12687683105469,33.230664259340365,33.089135293636055,33.15518118450311,220800
2023-06-14,33.192935943603516,33.24011108455244,33.051406921524205,33.14576080265459,63500
2023-06-15,33.40992736816406,33.40992736816406,33.230660484635344,33.240094068302874,150700
2023-06-16,33.306156158447266,33.447685176943196,33.296722570189345,33.35333129820176,363000
2023-06-20,33.268402099609375,33.29671005220558,33.24009774624427,33.29671005220558,357400
2023-06-21,33.27784729003906,33.29671806323305,33.07027238413715,33.2212349704571,84000
2023-06-22,33.145755767822266,33.164626541181875,33.09858063403924,33.10801422110304,105800
2023-06-23,33.10801315307617,33.13631751258652,33.02309647531323,33.02309647531323,82700
2023-06-26,33.10801315307617,33.164625471328755,33.09857956631668,33.09857956631668,53500
2023-06-27,33.174049377441406,33.211790911929626,33.09856990769579,33.211790911929626,92400
2023-06-28,33.221229553222656,33.249537508013574,33.14575007198676,33.1740544275463,120300
2023-06-29,33.10801315307617,33.10801315307617,33.0419672480641,33.0419672480641,52000
2023-06-30,33.24955368041992,33.315599608337486,33.202374932564695,33.202374932564695,124800
2023-07-03,33.268402099609375,33.362755942878245,33.268402099609375,33.29671005220558,93300
2023-07-05,33.10166549682617,33.23430257240959,33.092193226994176,33.17745811144527,80100
2023-07-06,32.902713775634766,32.902713775634766,32.760608050812976,32.855345200694174,63000
2023-07-07,32.921661376953125,33.20587643582655,32.83639649789204,33.20587643582655,65500
2023-07-10,32.978511810302734,32.99745996619327,32.845874719069016,32.845874719069016,116100
2023-07-11,33.0732536315918,33.10167406243283,33.00693688363492,33.06378135930869,212900
2023-07-12,33.44273376464844,33.44273376464844,33.21536308941901,33.21536308941901,63600
2023-07-13,33.670108795166016,33.670108795166016,33.44273450093889,33.44273450093889,198200
2023-07-14,33.53746795654297,33.6606255422215,33.48062349192833,33.5564124974235,170300
2023-07-17,33.53746795654297,33.58483653672633,33.471151221488064,33.53746795654297,124900
2023-07-18,33.69852066040039,33.70799654449661,33.57535946508577,33.57535946508577,129800
2023-07-19,33.76484680175781,33.76484680175781,33.69853005056853,33.70800593730522,47800
2023-07-20,33.584835052490234,33.67009993864853,33.52799059038776,33.67009993864853,59800
2023-07-21,33.584835052490234,33.65115178461436,33.57535916847773,33.59430732251189,82200
2023-07-24,33.62273025512695,33.67009883165956,33.575358064603606,33.58483394830457,58900
2023-07-25,33.6322021484375,33.6322021484375,33.5658854192359,33.58483357243502,229600
2023-07-26,33.69852066040039,33.69852066040039,33.565887194980434,33.62273165758508,77800
2023-07-27,33.48062515258789,33.75536799086621,33.414308414243635,33.75536799086621,132900
2023-07-28,33.66062545776367,33.66062545776367,33.56588829763465,33.613256877699165,109200
2023-07-31,33.69852066040039,33.69852066040039,33.54693904077889,33.60378350338353,62700
2023-08-01,33.499576568603516,33.59431374288915,33.452207981460695,33.46168025329264,63600
2023-08-02,33.28984832763672,33.38474381973271,33.194949215509745,33.38474381973271,70200
2023-08-03,33.09055709838867,33.166476376839526,33.02412953975939,33.02412953975939,66500
2023-08-04,33.28035354614258,33.375249029512545,33.13800670105699,33.13800670105699,110100
2023-08-07,33.33729934692383,33.33729934692383,33.2234204011902,33.2234204011902,54200
2023-08-08,33.3088264465332,33.394233842346104,33.2234190507203,33.394233842346104,61200
2023-08-09,33.31831741333008,33.35627705950482,33.28035776715534,33.35627705950482,48400
2023-08-10,33.20444107055664,33.47963944675651,33.1949493492902,33.33729620803885,48600
2023-08-11,33.128536224365234,33.16649588591916,33.06210862666215,33.10006828821608,37200
2023-08-14,33.07158279418945,33.10954243974549,32.957707477552404,33.07158279418945,221800
2023-08-15,32.90077209472656,33.04311897322233,32.89128399217488,33.04311897322233,62000
2023-08-16,32.777408599853516,32.93873168314975,32.758428774754286,32.83434445511972,130600
2023-08-17,32.67302322387695,32.85332614249279,32.644555294630166,32.85332614249279,40400
2023-08-18,32.70148468017578,32.739444325012215,32.56862954327924,32.56862954327924,79700
2023-08-21,32.644561767578125,32.70149763736127,32.549662617885524,32.70149763736127,89100
2023-08-22,32.65403747558594,32.691997121051784,32.58760990603622,32.67301729831886,49000
2023-08-23,32.948219299316406,32.96719912205015,32.68250540107508,32.68250540107508,205900
2023-08-24,32.786895751953125,32.99567020196117,32.786895751953125,32.99567020196117,60300
2023-08-25,32.84383773803711,32.910265319024525,32.682511027045045,32.79638998305062,74800
2023-08-28,32.957706451416016,32.96719817252502,32.910258705963784,32.957706451416016,73400
2023-08-29,33.22340774536133,33.22340774536133,32.91024981396378,32.91024981396378,348000
2023-08-30,33.23291015625,33.28984962574649,33.194950509919,33.22341843465169,50700
2023-08-31,33.26138687133789,33.31832635588241,33.24240704315638,33.24240704315638,56100
2023-09-01,33.20444107055664,33.308824664270524,33.175969526788315,33.308824664270524,123000
2023-09-05,32.99436569213867,33.12744524214082,32.99436569213867,33.12744524214082,83500
2023-09-06,32.89931869506836,33.060914298624546,32.83277890229266,33.060914298624546,102300
2023-09-07,32.927833557128906,32.93734131356123,32.85178963640341,32.870801523121436,163500
2023-09-08,32.99436569213867,33.03238945675236,32.93733367136391,32.97535380983182,56500
2023-09-11,33.003875732421875,33.11794340801823,32.94684008155068,33.02288761604561,66700
2023-09-12,33.01338577270508,33.01338577270508,32.94684598118008,33.01338577270508,96400
2023-09-13,32.99436569213867,33.022885328671826,32.91832178905706,32.91832178905706,83300
2023-09-14,33.06090545654297,33.127445231522714,33.01337756386397,33.01337756386397,106100
2023-09-15,32.965843200683594,33.05139484117211,32.92781944354535,33.003866957821835,759500
2023-09-18,32.956336975097656,32.9848566073451,32.88979721009567,32.96584472789522,89200
2023-09-19,32.889801025390625,32.956340798111384,32.870792769880964,32.956340798111384,57900
2023-09-20,32.813758850097656,33.00387405050041,32.813758850097656,32.93733427428132,97700
2023-09-21,32.50006103515625,32.60462455355129,32.50006103515625,32.595120427399486,75100
2023-09-22,32.57611083984375,32.69017849241232,32.51907520048682,32.51907520048682,68300
2023-09-25,32.44303512573242,32.500067145656196,32.34797571561659,32.3764953517242,128100
2023-09-26,32.281429290771484,32.42401656349558,32.25291328668465,32.38599280728316,178700
2023-09-27,32.19588088989258,32.37649193699083,32.100825115947956,32.328960423873184,180200
2023-09-28,32.33846664428711,32.35747852340404,32.11983547366014,32.11983547366014,107300
2023-09-29,32.281429290771484,32.50006044977545,32.271925164790865,32.462040319708,47400
2023-10-02,32.0913200378418,32.29094298159763,32.04379214690779,32.29094298159763,116500
2023-10-03,31.803491592407227,32.03222673198163,31.76537209882958,31.946451509093944,105200
2023-10-04,31.984586715698242,31.984586715698242,31.784442029637706,31.85115571311686,161000
2023-10-05,32.01316452026367,32.03222608447803,31.91786033481349,31.984573991752942,71100
2023-10-06,32.05129623413086,32.127538875789455,31.774908932420406,31.774908932420406,116900
2023-10-09,32.299095153808594,32.299095153808594,31.927403574491844,31.927403574491844,35400
2023-10-10,32.34673309326172,32.44204091518299,32.165653685043786,32.29908100011191,46200
2023-10-11,32.508758544921875,32.5754722106076,32.3657986123827,32.3657986123827,88700
2023-10-12,32.251434326171875,32.499227433560556,32.20378222501509,32.43251376481659,50900
2023-10-13,32.2704963684082,32.3848621399911,32.222844266550524,32.28002533453081,403700
2023-10-16,32.2704963684082,32.299086902398344,32.213311664805595,32.222844266550524,819300
2023-10-17,32.14659881591797,32.21331248734666,32.022700439426494,32.051294609769094,113800
2023-10-18,31.87021255493164,32.05129564231959,31.87021255493164,32.00364353771001,109200
2023-10-19,31.71772003173828,31.97504573011291,31.708191066149055,31.97504573011291,41400
2023-10-20,31.68913459777832,31.78443881149248,31.67960563065599,31.746319307380443,54000
2023-10-23,31.755855560302734,31.841630826574125,31.498529761488555,31.67008029403134,119400
2023-10-24,31.8988037109375,31.8988037109375,31.746314809227457,31.746314809227457,124400
2023-10-25,31.6319522857666,31.75585068148424,31.584300175297663,31.736789110172065,117400
2023-10-26,31.6319522857666,31.717727538859894,31.574771207453068,31.64148488923418,118300
2023-10-27,31.61288833618164,31.69866358282196,31.5938304019262,31.670073045816093,155900
2023-10-30,31.68913459777832,31.746319307380443,31.593830384064162,31.708196167645696,138900
2023-10-31,31.74631118774414,31.784430682106496,31.689126492767937,31.689126492767937,94400
2023-11-01,32.04176712036133,32.06082869175705,31.793973963462953,31.803502931349314,166600
2023-11-02,32.349220275878906,32.38741021048214,32.22509297198348,32.22509297198348,196600
2023-11-03,32.597469329833984,32.69295326659287,32.54018261011841,32.54018261011841,124400
2023-11-06,32.49243927001953,32.57837299312133,32.46379590976554,32.57837299312133,232900
2023-11-07,32.58792495727539,32.64521168085828,32.4733442254296,32.4733442254296,85200
2023-11-08,32.654762268066406,32.66430884132556,32.57837511263301,32.64521205246721,129800
2023-11-09,32.444698333740234,32.68340270962915,32.425601546588354,32.65475935007119,181900
2023-11-10,32.597469329833984,32.60701954467975,32.47334203321731,32.53063239527264,133600
2023-11-13,32.578372955322266,32.607019957882834,32.42560229691186,32.52108623488074,661000
2023-11-14,33.055782318115234,33.113072681936394,32.93165866001253,32.93165866001253,175200
2023-11-15,32.9698486328125,33.046235784665,32.94120527203775,32.96030206000088,276300
2023-11-16,33.08442687988281,33.12261681060566,33.01758994819332,33.08442687988281,447300
2023-11-17,33.1417121887207,33.19900254587972,33.08442547390113,33.10351861728135,218300
2023-11-20,33.284934997558594,33.3040317825537,33.132164359937036,33.132164359937036,233200
2023-11-21,33.26584243774414,33.29448579770522,33.22764886290286,33.246745650323504,478400
2023-11-22,33.31358337402344,33.361323522535685,33.26584322551119,33.29448658615056,273500
2023-11-24,33.26584243774414,33.29448579770522,33.22764886290286,33.29448579770522,223500
2023-11-27,33.323123931884766,33.35176728422313,33.22764002019223,33.22764002019223,298500
2023-11-28,33.46635437011719,33.46635437011719,33.313583707942776,33.34222706886926,247800
2023-11-29,33.56182861328125,33.62866553102484,33.542731830734674,33.56182861328125,240400
2023-11-30,33.4949951171875,33.54273525726137,33.456801548192715,33.504541688266585,321700
2023-12-01,33.78143310546875,33.7909796747125,33.45679511610339,33.47589189692942,134700
2023-12-04,33.66091537475586,33.68961428969965,33.574825927804966,33.574825927804966,551600
2023-12-05,33.747013092041016,33.794843412355625,33.651359749294045,33.651359749294045,229100
2023-12-06,33.82353210449219,33.900054034012996,33.81396458271433,33.89049016117555,153000
2023-12-07,33.880924224853516,33.93831841138519,33.79483841846689,33.79483841846689,349500
2023-12-08,33.785274505615234,33.85223257258521,33.69918504109084,33.69918504109084,261400
2023-12-11,33.880924224853516,33.880924224853516,33.76613950073075,33.80440229175187,804700
2023-12-12,33.947879791259766,33.95744366281431,33.794832303807496,33.81396004691659,248800
2023-12-13,34.330501556396484,34.38789574068692,33.96701235377128,33.96701235377128,194500
2023-12-14,34.58877182006836,34.66529740334312,34.46441957171721,34.47398709409688,284200
2023-12-15,34.53137969970703,34.66529947845447,34.49312055472006,34.66529947845447,235400
2023-12-18,34.521812438964844,34.665296077647476,34.48354964879074,34.48354964879074,247800
2023-12-19,34.627037048339844,34.67486371678171,34.54094758556813,34.54094758556813,207600
2023-12-20,34.58877182006836,34.74181933767722,34.58877182006836,34.71312406841951,140600
2023-12-21,34.72268295288086,34.80877239722525,34.60789824340172,34.684420166741106,243400
2023-12-22,34.720760345458984,34.82682268947156,34.701479626659086,34.82682268947156,253900
2023-12-26,34.77860641479492,34.83645959371621,34.71111287844769,34.71111287844769,155100
2023-12-27,34.9714469909668,35.00037174163494,34.86538466768772,34.9135938115086,770200
2023-12-28,34.93288040161133,35.01965833719519,34.903955649124086,34.913596007245786,300600
2023-12-29,34.855735778808594,34.923229299262346,34.82680735709912,34.9039449108297,120300
2024-01-02,34.68218994140625,34.74968348128238,34.62433675946011,34.74968348128238,499800
2024-01-03,34.58576965332031,34.6532631964785,34.45078256700395,34.460426603524965,83500
2024-01-04,34.479705810546875,34.58576813890047,34.45078105849483,34.51827459869765,361300
2024-01-05,34.412208557128906,34.59540844201605,34.27722149128891,34.44113698418154,471700
2024-01-08,34.60504913330078,34.63397388251119,34.42185292476531,34.43149328179487,368800
2024-01-09,34.55683898925781,34.60504812925031,34.52791424088664,34.57612338087913,121600
2024-01-10,34.59540557861328,34.7689614140774,34.57612118821489,34.59540557861328,183900
2024-01-11,34.68218994140625,34.720755051248275,34.50863407368989,34.6629055474242,752900
2024-01-12,34.74003601074219,34.87502307714929,34.730395653765264,34.730395653765264,192500
2024-01-16,34.49899673461914,34.662912276224965,34.46043161729081,34.662912276224965,287700
2024-01-17,34.37364959716797,34.37364959716797,34.296512015397894,34.33508080628293,106700
2024-01-18,34.42184829711914,34.431488652852664,34.32542634917779,34.32542634917779,135000
2024-01-19,34.53754806518555,34.53754806518555,34.354351896615256,34.489338934311355,116200
2024-01-22,34.60504913330078,34.662902309843325,34.53755559972868,34.62433352548163,411500
2024-01-23,34.54719924926758,34.5664799631115,34.450777289439586,34.51827082225834,112000
2024-01-24,34.56647491455078,34.7785995170691,34.547194203522885,34.7785995170691,81600
2024-01-25,34.69183349609375,34.7111178918528,34.6339803088166,34.643624345757324,39200
2024-01-26,34.68218994140625,34.74968348128238,34.6629055474242,34.720755051248275,130600
2024-01-29,34.846099853515625,34.855743889036425,34.71111278119935,34.71111278119935,616700
2024-01-30,34.846099853515625,34.89430899675403,34.778606317357486,34.89430899675403,158300
2024-01-31,34.88466262817383,35.00036528763297,34.77860032445244,34.89430298391158,92600
2024-02-01,35.067867279052734,35.08715167330554,34.8653866565814,34.8653866565814,29500
2024-02-02,34.93073272705078,35.0659391069098,34.8438198659943,35.0659391069098,68900
2024-02-05,34.70861053466797,34.75690036536699,34.631353436743865,34.72792573014821,51000
2024-02-06,34.86312484741211,34.87278428616233,34.68929178987295,34.68929178987295,44100
2024-02-07,34.86312484741211,34.921070427923986,34.83415389915441,34.83415389915441,143500
2024-02-08,34.795536041259766,34.95971340316187,34.795536041259766,34.795536041259766,76500
2024-02-09,34.8727912902832,34.8727912902832,34.67964300044669,34.824505138823376,71800
2024-02-12,34.8727912902832,34.95970783650977,34.8727912902832,34.92107744174303,50600
2024-02-13,34.51545715332031,34.65065980323549,34.45751158164413,34.62168517539944,52800
2024-02-14,34.73758316040039,34.74723891558352,34.57340585031406,34.57340585031406,47700
2024-02-15,34.911415100097656,34.911415100097656,34.79552393765668,34.824498570265185,62900
2024-02-16,34.77621841430664,34.8727944098628,34.689301860304866,34.689301860304866,39400
2024-02-20,34.795536041259766,34.86313740086716,34.74724988211131,34.74724988211131,111300
2024-02-21,34.76655960083008,34.805189995657,34.679643054468116,34.7762153575382,123800
2024-02-22,34.92107391357422,34.959704304438034,34.863128327278496,34.8824435227104,141800
2024-02-23,35.027305603027344,35.07559174954883,34.94038906568993,34.94038906568993,46800
2024-02-26,34.9597053527832,35.07559284485295,34.93073071676805,35.07559284485295,38100
2024-02-27,34.969356536865234,34.99833116909222,34.93072614989357,34.99833116909222,33700
2024-02-28,34.9597053527832,34.96936110879029,34.853473616720535,34.853473616720535,39000
2024-02-29,35.06593704223633,35.114223190201464,35.007991454279995,35.114223190201464,61900
2024-03-01,35.268741607666016,35.268741607666016,34.98867678763543,34.98867678763543,43000
2024-03-04,35.18650817871094,35.225207452362135,35.1478125956256,35.1478125956256,32900
2024-03-05,35.20585250854492,35.39934515706763,35.17682990296437,35.39934515706763,39900
2024-03-06,35.2735710144043,35.41869140958313,35.244548411594515,35.244548411594515,125100
2024-03-07,35.476741790771484,35.496091425655834,35.40901991395899,35.418696576683914,57400
2024-03-08,35.46707534790039,35.612195790966155,35.44772570945388,35.51544759873359,73400
2024-03-11,35.447723388671875,35.47674599915843,35.36065186664627,35.47674599915843,142000
2024-03-12,35.49609375,35.49609375,35.36064998750593,35.3703266508645,63600
2024-03-13,35.39934539794922,35.47674024354576,35.39934539794922,35.42836800372726,98500
2024-03-14,35.23487854003906,35.42837120737521,35.18650629584644,35.331626718989966,206800
2024-03-15,35.21553421020508,35.23488015631702,35.16715827322771,35.23488015631702,43900
2024-03-18,35.225196838378906,35.25421943958934,35.19617423716847,35.2058472073837,63600
2024-03-19,35.28325271606445,35.30260235089013,35.18650454193607,35.18650454193607,39600
2024-03-20,35.46707534790039,35.47674832184056,35.26390968006126,35.26390968006126,48500
2024-03-21,35.505767822265625,35.59283933330987,35.505767822265625,35.59283933330987,44400
2024-03-22,35.52511215209961,35.59283401829173,35.52511215209961,35.544461783949494,191400
2024-03-25,35.476741790771484,35.5928396000776,35.476741790771484,35.486418453496405,39100
2024-03-26,35.476741790771484,35.650884814165174,35.467068818612056,35.467068818612056,50400
2024-03-27,35.650882720947266,35.650882720947266,35.54446527117979,35.63153677776429,36700
2024-03-28,35.63153839111328,35.67991063239151,35.612188756488905,35.650884335172215,42400
2024-04-01,35.46707534790039,35.59284615251964,35.428376071007364,35.59284615251964,96100
2024-04-02,35.379783630371094,35.379783630371094,35.28280105300907,35.28280105300907,53900
2024-04-03,35.40887451171875,35.43797224205576,35.25370018196349,35.25370018196349,49400
2024-04-04,35.34098815917969,35.56405104076918,35.33129138156627,35.51555975340591,78200
2024-04-05,35.34098815917969,35.39917992380445,35.234308806839735,35.244005584453156,122100
2024-04-08,35.3991813659668,35.3991813659668,35.32159234330613,35.350690076628,35300
2024-04-09,35.44767379760742,35.47677153186696,35.35069121580455,35.408879285026934,62700
2024-04-10,35.030635833740234,35.19551063318935,35.011238580884594,35.19551063318935,75200
2024-04-11,35.10823440551758,35.176122959175274,34.98215407744671,35.176122959175274,53100
2024-04-12,34.98215103149414,35.09853087053842,34.97245425309394,35.05003957924067,34600
2024-04-15,34.75908660888672,34.97245272082655,34.72999257531246,34.97245272082655,207700
2024-04-16,34.63300704956055,34.68149833978698,34.56511850331389,34.64270752739481,123400
2024-04-17,34.66210174560547,34.729990285902325,34.613606759980875,34.710593031582086,48000
2024-04-18,34.691192626953125,34.739683908526246,34.58450958770368,34.739683908526246,42700
2024-04-19,34.584510803222656,34.65239933974059,34.53601951994524,34.623305309703696,75100
2024-04-22,34.700897216796875,34.74939220893695,34.55542333932205,34.55542333932205,66200
2024-04-23,34.86576461791992,34.90455912350212,34.700889819019444,34.700889819019444,47800
2024-04-24,34.797882080078125,34.84637337058906,34.729993533433145,34.729993533433145,146000
2024-04-25,34.681495666503906,34.71059339811552,34.51662455251282,34.545718584476425,32500
2024-04-26,34.875465393066406,34.885165870397984,34.83667088303631,34.83667088303631,61900
2024-04-29,34.97245407104492,34.98215084939464,34.89486504565371,34.89486504565371,44000
2024-04-30,34.691192626953125,34.904558705452025,34.691192626953125,34.904558705452025,33300
2024-05-01,34.7299919128418,34.95305479850208,34.70089418017435,34.73968869063218,58300
2024-05-02,34.981658935546875,35.01080913182037,34.78731564454695,34.81646954761042,60400
2024-05-03,35.21487045288086,35.24402064818319,35.12741616018403,35.18571655078869,60100
2024-05-06,35.350921630859375,35.350921630859375,35.24403260277485,35.24403260277485,102300
2024-05-07,35.380069732666016,35.448089345259405,35.370354233777334,35.380069732666016,34300
2024-05-08,35.34120178222656,35.37035569367767,35.31205157756648,35.37035569367767,43100
2024-05-09,35.45780944824219,35.46752494737673,35.31205101368727,35.31205101368727,40600
2024-05-10,35.39950180053711,35.46752140806412,35.38006709741645,35.41893650365777,56700
2024-05-13,35.41893005371094,35.477230445665555,35.41893005371094,35.42864555010673,59500
2024-05-14,35.52583312988281,35.545267837167934,35.44809430074233,35.44809430074233,49400
2024-05-15,35.82705307006836,35.82705307006836,35.67157915657499,35.67157915657499,53000
2024-05-16,35.739601135253906,35.82705544907552,35.739601135253906,35.7784705429059,59600
2024-05-17,35.69102096557617,35.768759791196736,35.68130546576921,35.768759791196736,94900
2024-05-20,35.72017288208008,35.73960758941576,35.67158796713658,35.67158796713658,49200
2024-05-21,35.76874923706055,35.76874923706055,35.70072963810843,35.70072963810843,25900
2024-05-22,35.642433166503906,35.71045278001781,35.6132829626525,35.71045278001781,47100
2024-05-23,35.486961364746094,35.72017042313756,35.486961364746094,35.69102021753641,57900
2024-05-24,35.593841552734375,35.62299175109454,35.51610274805365,35.554972150394015,28400
2024-05-28,35.49666976928711,35.68129758596742,35.4675195695125,35.68129758596742,70200
2024-05-29,35.29262161254883,35.35092573649118,35.27318690456804,35.32177182112424,44400
2024-05-30,35.38977813720703,35.44808223922391,35.37034714332487,35.428647538551616,84600
2024-05-31,35.53554153442383,35.59384564463707,35.380067613979165,35.428652519094875,54200
2024-06-03,35.67158508300781,35.69101978877215,35.584130760463836,35.584130760463836,26200
2024-06-04,35.74849319458008,35.767964496445124,35.680345494937974,35.73875568676201,31900
2024-06-05,35.91399383544922,35.923731343306784,35.74849333958169,35.777698435612166,204100
2024-06-06,35.9724006652832,35.9724006652832,35.86531038254196,35.86531038254196,47600
2024-06-07,35.69007873535156,35.81664033862555,35.69007873535156,35.81664033862555,146800
2024-06-10,35.69007873535156,35.71928383081055,35.62193103676658,35.71928383081055,127900
2024-06-11,35.79716491699219,35.79716491699219,35.59272184476759,35.631660729640885,55800
2024-06-12,35.9724006652832,36.11842983048185,35.96266315934106,35.9918719633971,26100
2024-06-13,36.030818939208984,36.06976154418418,35.952937443029796,36.06976154418418,30100
2024-06-14,36.0502815246582,36.0502815246582,35.962662541536076,36.02107643487427,32400
2024-06-17,36.011348724365234,36.040553819081246,35.8945209179593,35.97240612222992,48900
2024-06-18,36.13790512084961,36.13790512084961,36.060023633560625,36.11843382058466,613700
2024-06-20,36.079498291015625,36.09896959309237,36.02108438478539,36.06002698893888,65300
2024-06-21,36.089229583740234,36.089229583740234,36.0308156815588,36.0794957902621,64300
2024-06-24,36.079498291015625,36.14764599139866,36.079498291015625,36.10870338724517,37500
2024-06-25,36.14764404296875,36.14764404296875,36.03081623680553,36.060025045231804,29500
2024-06-26,35.9724006652832,36.00160575556885,35.89451547282762,35.95292936716931,34600
2024-06-27,36.060020446777344,36.079491745321526,36.0016065511448,36.0016065511448,42100
2024-06-28,35.95293045043945,36.147639723674665,35.95293045043945,36.06975452887238,27100
2024-07-01,35.8555793762207,35.90425576840224,35.77769417771372,35.87504696207678,32000
2024-07-02,35.97385787963867,35.97385787963867,35.85655286304009,35.915207235869005,20000
2024-07-03,36.14982223510742,36.14982223510742,35.993414281803204,35.993414281803204,26300
2024-07-05,36.30623245239258,36.32578391390726,36.16937595084977,36.20847887387914,39800
2024-07-08,36.32578659057617,36.37466338343438,36.31601272362863,36.35511192047905,66100
2024-07-09,36.29645538330078,36.32578070845509,36.228027138567604,36.306229248665666,34800
2024-07-10,36.45286178588867,36.45286178588867,36.30622770821936,36.30622770821936,23600
2024-07-11,36.55061340332031,36.64837069290879,36.52128808097342,36.55061340332031,43700
2024-07-12,36.63859176635742,36.72657145925634,36.57993739473842,36.628817902283835,61400
2024-07-15,36.59949493408203,36.6972522363591,36.58972106838422,36.61904639453745,54400
2024-07-16,36.804786682128906,36.804786682128906,36.648378713615855,36.67770404238077,49400
2024-07-17,36.66792297363281,36.68747443397758,36.619046187300775,36.68747443397758,30000
2024-07-18,36.501739501953125,36.6874727732311,36.46263658303368,36.65814744857131,41900
2024-07-19,36.3551025390625,36.462633693038356,36.3453286746371,36.462633693038356,566100
2024-07-22,36.4821891784668,36.51151450403971,36.38443560718395,36.462637718398284,85100
2024-07-23,36.45286178588867,36.521290027718486,36.42353273291911,36.42353273291911,51400
2024-07-24,36.16937255859375,36.42353407632736,36.16937255859375,36.41376021101668,53800
2024-07-25,36.188926696777344,36.345334656742075,36.14982377452118,36.14982377452118,64600
2024-07-26,36.41375732421875,36.42353118875458,36.316003762623104,36.316003762623104,35000
2024-07-29,36.42353057861328,36.60926756321675,36.38443139206559,36.42353057861328,19100
2024-07-30,36.443084716796875,36.49196522943038,36.36488260889047,36.49196522943038,85400
2024-07-31,36.72657775878906,36.73635535359892,36.60927272448946,36.62882418504936,76900
2024-08-01,36.63859176635742,36.804777288081674,36.52128675217858,36.66791708763734,30000
2024-08-02,36.67287826538086,36.67287826538086,36.53574736895657,36.63370067821441,65400
2024-08-05,36.339839935302734,36.51615213334652,36.24189037485006,36.24189037485006,105700
2024-08-06,36.29086685180664,36.4377949358913,36.24189206929056,36.24189206929056,91500
2024-08-07,36.19292068481445,36.467182481883235,36.19292068481445,36.467182481883235,65500
2024-08-08,36.388824462890625,36.408411388987616,36.2223056987715,36.24189636140533,35800
2024-08-09,36.535743713378906,36.555334373270334,36.447587612135635,36.50635959180992,30600
2024-08-12,36.574928283691406,36.58472174623934,36.47697871206549,36.47697871206549,33200
2024-08-13,36.8296012878418,36.8296012878418,36.63370213461139,36.63370213461139,36700
2024-08-14,36.858985900878906,36.89816348614932,36.82959804125546,36.839395239975445,75800
2024-08-15,36.947147369384766,36.97653149673667,36.81980992329808,36.81980992329808,35200
2024-08-16,37.06468200683594,37.06468200683594,36.849188474764176,37.00591002448824,26200
2024-08-19,37.211612701416016,37.211612701416016,37.064684603521485,37.064684603521485,191700
2024-08-20,37.231197357177734,37.260585216887016,37.20181323400497,37.221403894965654,33400
2024-08-21,37.36833190917969,37.407509494486185,37.26058514237966,37.28017580330116,33000
2024-08-22,37.16263198852539,37.368332060767386,37.16263198852539,37.368332060767386,39200
2024-08-23,37.446693420410156,37.46628408269402,37.24099707123478,37.32915318324377,34700
2024-08-26,37.40750503540039,37.49566113077044,37.35853025720282,37.466277011159114,56100
2024-08-27,37.38792037963867,37.41730824050444,37.23119882232235,37.34874279271209,33700
2024-08-28,37.27037811279297,37.40750900089757,37.25078745212996,37.378124878171285,71100
2024-08-29,37.30956268310547,37.40751225841369,37.28997202073647,37.30956268310547,38400
2024-08-30,37.35853958129883,37.40751437171972,37.240999336981275,37.38792370824397,47500
2024-09-03,37.16263198852539,37.358534861998635,37.152838526293166,37.30956007776446,69200
2024-09-04,37.28335189819336,37.293164241537504,37.1459528851932,37.155768972277656,32000
2024-09-05,37.35204315185547,37.361855493523336,37.24408867481056,37.312786297704655,106600
2024-09-06,37.13614273071289,37.36186407833563,37.10670195520487,37.35205173441313,62400
2024-09-09,37.29315948486328,37.342228682805924,37.20483343107059,37.24409028692064,45300
2024-09-10,37.41093444824219,37.41093444824219,37.26372682238601,37.302979943036604,45500
2024-09-11,37.44036865234375,37.459993335391474,37.26371655499733,37.30296966483239,32300
2024-09-12,37.58757781982422,37.58757781982422,37.440370228332156,37.5385086226602,58400
2024-09-13,37.675907135009766,37.69553556432318,37.58758107496944,37.61702559080961,28600
2024-09-16,37.78385543823242,37.78385543823242,37.67590096655344,37.70534173383335,331900
2024-09-17,37.71516036987305,37.82311484885426,37.705344284289446,37.78385799399932,47500
2024-09-18,37.63664627075195,37.83292679925607,37.61702158726727,37.724972321391824,67400
2024-09-19,37.881996154785156,37.881996154785156,37.783857761990156,37.79367010377377,39000
2024-09-20,37.79367446899414,37.84274741479934,37.734792924012126,37.79367446899414,45300
2024-09-23,37.83293151855469,37.86237603493403,37.764233886569826,37.793674659209,32300
2024-09-24,37.93107223510742,37.950696920299315,37.81330166151594,37.83293009044785,54200
2024-09-25,37.79367446899414,37.91144504643845,37.79367446899414,37.91144504643845,55800
2024-09-26,37.93107223510742,37.98014143556719,37.90162771983954,37.940884577703365,39700
2024-09-27,38.00958251953125,38.04883937771777,37.980141747761394,38.04883937771777,42600
2024-09-30,37.940887451171875,38.0194011728458,37.83293295574038,38.0194011728458,75700
2024-10-01,37.92125701904297,37.999770736572465,37.87218781745708,37.950697791246476,65500
2024-10-02,37.881893157958984,37.90157251390999,37.773658576955135,37.85237600075916,224400
2024-10-03,37.74414825439453,37.80318257948401,37.70478953536552,37.79334477645378,43300
2024-10-04,37.645748138427734,37.68510685398736,37.606393176321816,37.68510685398736,33300
2024-10-07,37.507999420166016,37.61623401997954,37.48832006079501,37.61623401997954,60700
2024-10-08,37.616233825683594,37.616233825683594,37.498161423521445,37.52767858569849,39400
2024-10-09,37.58671569824219,37.606395057006154,37.5079982631863,37.55719478336928,166400
2024-10-10,37.557193756103516,37.57687311432922,37.48831787904046,37.56703531194326,174100
2024-10-11,37.65559387207031,37.685111035288216,37.54735926899917,37.58671798892579,35700
2024-10-14,37.6949462890625,37.70478409067212,37.48831492072544,37.54735299074367,30200
2024-10-15,37.645748138427734,37.773662087269656,37.645748138427734,37.773662087269656,49700
2024-10-16,37.753990173339844,37.753990173339844,37.675276480154544,37.72447300757716,33400
2024-10-17,37.62607192993164,37.78350303618852,37.62607192993164,37.78350303618852,329400
2024-10-18,37.753990173339844,37.77366953499978,37.714635203474415,37.77366953499978,42000
2024-10-21,37.53751754760742,37.655589941608845,37.468641671652115,37.635910583699655,74600
2024-10-22,37.43912124633789,37.498159320835434,37.419441888172045,37.458800604503736,44800
2024-10-23,37.27185821533203,37.3505719069663,37.21282013151554,37.3505719069663,30700
2024-10-24,37.340728759765625,37.39976308168019,37.321049401309494,37.36040811822176,85100
2024-10-25,37.301368713378906,37.4784791797178,37.301368713378906,37.4784791797178,70300
2024-10-28,37.36040496826172,37.39975992840203,37.311204699542685,37.37024276993342,81200
2024-10-29,37.37024688720703,37.448964323067386,37.23249512790534,37.25217448687043,97600
2024-10-30,37.301368713378906,37.42928266205782,37.29153091122839,37.380086144397836,90600
2024-10-31,37.13410186767578,37.202977746920695,37.035705073430265,37.183298388071584,135100
2024-11-01,37.084903717041016,37.26201420336911,37.07506591378017,37.153779600229264,105300
2024-11-04,37.139122009277344,37.26729099692673,37.139122009277344,37.19827779456263,118500
2024-11-05,37.316585540771484,37.356022730894644,37.158840541216286,37.158840541216286,56200
2024-11-06,37.306732177734375,37.34616937214307,37.13912598196634,37.28701358053002,107700
2024-11-07,37.57292556762695,37.61236275990392,37.39546196331825,37.39546196331825,96100
2024-11-08,37.56306838989258,37.632081603258975,37.53349237300357,37.53349237300357,240400
2024-11-11,37.56306838989258,37.61236676595834,37.523634954353255,37.602505586369965,190300
2024-11-12,37.336307525634766,37.48419512155476,37.277155496017,37.47433394265994,47900
2024-11-13,37.316585540771484,37.42503593314145,37.27715211158577,37.40531733807987,159200
2024-11-14,37.24757385253906,37.37574284518034,37.24757385253906,37.32644823599142,68200
2024-11-15,37.158843994140625,37.23771838171622,37.09969196439673,37.23771838171622,35900
2024-11-18,37.22785568237305,37.257435456974726,37.07011067460214,37.13912388044331,66200
2024-11-19,37.296875,37.346169612859676,37.18842459514599,37.227858028871,90800
2024-11-20,37.27715301513672,37.27715301513672,37.14898402459851,37.22785464581911,93400
2024-11-21,37.32645034790039,37.33630776592086,37.22785736300661,37.306731750921635,127300
2024-11-22,37.38560104370117,37.45461801113269,37.316587837207344,37.45461801113269,99200
2024-11-25,37.602500915527344,37.632076928742535,37.513769114944196,37.5630637239487,105700
2024-11-26,37.592647552490234,37.592647552490234,37.494054562910314,37.54335293816927,91500
2024-11-27,37.62221908569336,37.68137487239209,37.59264307281277,37.63207650300771,78400
2024-11-29,37.8391227722168,37.84898019028564,37.71095377169485,37.71095377169485,53600
2024-12-02,37.87855529785156,37.88841647662196,37.7109528681322,37.73067146473526,118500
2024-12-03,37.8439826965332,37.90325042004832,37.82422553259692,37.87361655829076,100000
2024-12-04,37.93288803100586,37.982279056674834,37.78471118570522,37.78471118570522,144300
2024-12-05,37.97239685058594,37.99215401360696,37.94276299020118,37.95263968756492,285800
2024-12-06,38.04154586791992,38.08106019482503,38.00203530930843,38.061303031372475,269200
2024-12-09,37.97239685058594,38.061302200033744,37.95263968756492,38.041545037012725,159700
2024-12-10,37.85386276245117,37.93289142522796,37.843986063751096,37.93289142522796,325800
2024-12-11,37.91313171386719,37.97239943867621,37.893374549499576,37.942765576271704,152500
2024-12-12,37.745201110839844,37.873620806684,37.73532441191066,37.86374410775482,235900
2024-12-13,37.636531829833984,37.76495150264197,37.616778435519024,37.68592662050176,220600
2024-12-16,37.64641571044922,37.7056834353576,37.57726751919358,37.57726751919358,1118200
2024-12-17,37.606903076171875,37.66617457204476,37.59702637767338,37.6464174067538,298600
2024-12-18,37.08334732055664,37.656289978022585,37.08334732055664,37.6464132806066,192500
2024-12-19,37.033958435058594,37.201888678880714,36.994444106526174,36.994444106526174,229700
2024-12-20,37.19828796386719,37.33772249462692,37.058857232309954,37.09869566966987,150200
2024-12-23,37.16840744018555,37.22816509044513,37.11861129790362,37.19828436571428,624400
2024-12-24,37.307838439941406,37.33771916489787,37.15845001196771,37.208246154625606,118900
2024-12-26,37.33771896362305,37.377553598013336,37.23812287964198,37.25804209643819,193700
2024-12-27,37.22816467285156,37.33771846416419,37.17836853112821,37.27796081457492,1042200
2024-12-30,37.17837142944336,37.25804450257139,37.118613775195556,37.15845221136076,340200
2024-12-31,37.14849090576172,37.297883142596575,37.11861397807571,37.22816777852761,538900
2025-01-02,37.08873748779297,37.26800285522559,37.048899050940186,37.18832978072247,142100
2025-01-03,37.17837142944336,37.23812528448878,37.14849070271827,37.22816757504867,105300
2025-01-06,37.248085021972656,37.3277580913122,37.20824658770179,37.20824658770179,508200
2025-01-07,37.04889678955078,37.28791979767309,37.03893528134439,37.28791979767309,70600
2025-01-08,37.08873748779297,37.08873748779297,36.97918368604904,37.0289798325138,144500
2025-01-10,36.760074615478516,36.97918221022184,36.75011690626395,36.97918221022184,264000
2025-01-13,36.71027755737305,36.75011599164441,36.62064297986358,36.67043912310169,443400
2025-01-14,36.79991149902344,36.83974993260644,36.71027692306276,36.75011535664576,50200
2025-01-15,37.17837142944336,37.17837142944336,37.07877533903036,37.08873684767285,44100
2025-01-16,37.22816467285156,37.267999306708994,37.118610881538935,37.17836853112821,987100
2025-01-17,37.28791809082031,37.36759495601535,37.28791809082031,37.31779881486947,383000
2025-01-21,37.4970703125,37.54686645676687,37.42735495068592,37.45723187740559,370600
2025-01-22,37.536903381347656,37.596661031494584,37.516984164632014,37.5568225980633,122700
2025-01-23,37.48711013793945,37.536906283978105,37.457233210156744,37.49707164666863,227600
2025-01-24,37.63650131225586,37.63650131225586,37.52694751454361,37.52694751454361,203400
2025-01-27,37.576744079589844,37.576744079589844,37.49707100712737,37.56678637023291,1393700
2025-01-28,37.64645767211914,37.64645767211914,37.516984661354314,37.54686538642446,135600
2025-01-29,37.54686737060547,37.656421170180344,37.516986643956265,37.61658273411632,60900
2025-01-30,37.75601577758789,37.78589270686776,37.656423480519905,37.78589270686776,168300
2025-01-31,37.616580963134766,37.80580782672655,37.566784820000315,37.76596939253811,147600
2025-02-03,37.54686737060547,37.60662122549913,37.43731357103059,37.43731357103059,61700
2025-02-04,37.71553421020508,37.71553421020508,37.53588860281598,37.545867222257485,71200
2025-02-05,37.885196685791016,37.885196685791016,37.75545559956515,37.83529597515182,102000
2025-02-06,37.845272064208984,37.925116241637745,37.83529344562035,37.925116241637745,114800
2025-02-07,37.73549270629883,37.86523378617242,37.695570616870036,37.84527274145802,108400
2025-02-10,37.805355072021484,37.83529473598839,37.77541160087452,37.83529473598839,59500
2025-02-11,37.775413513183594,37.775413513183594,37.6855907095557,37.6855907095557,122100
2025-02-12,37.64567184448242,37.66563289022325,37.5059483314768,37.535887996497955,55500
2025-02-13,37.905155181884766,37.905155181884766,37.735492015687456,37.77541029720569,81500
2025-02-14,37.98500061035156,38.02491889318455,37.955057139251764,37.99497922926479,50000
2025-02-18,37.935096740722656,37.97501883141603,37.90515707629269,37.935096740722656,79800
2025-02-19,37.9450798034668,37.95505842271746,37.855257001490095,37.87521804717161,325400
2025-02-20,37.98500061035156,37.98500061035156,37.89517781141226,37.97501818425828,50100
2025-02-21,37.915138244628906,38.01493966087107,37.88519477401226,38.00496104211885,62700
2025-02-24,37.87521743774414,37.95505781200533,37.855256392383815,37.895178483104466,77900
2025-02-25,37.99497985839844,38.02491952281394,37.925118103308854,38.01494090373548,43300
2025-02-26,38.074825286865234,38.1147435716667,38.02492076829799,38.02492076829799,48100
2025-02-27,37.87521743774414,38.05486303880697,37.855256392383815,38.05486303880697,240300
2025-02-28,38.064842224121094,38.064842224121094,37.855256955490205,37.87521800114745,56700
2025-03-03,37.98500061035156,38.11474169212385,37.90515643032549,38.05486236428435,145300
2025-03-04,37.84000015258789,37.97999954223633,37.79999923706055,37.97999954223633,126800
2025-03-05,37.959999084472656,37.959999084472656,37.79999923706055,37.849998474121094,119200
2025-03-06,37.7400016784668,37.84000015258789,37.70000076293945,37.84000015258789,74000
2025-03-07,37.790000915527344,37.84000015258789,37.70000076293945,37.83000183105469,59100
2025-03-10,37.61000061035156,37.77000045776367,37.52000045776367,37.77000045776367,87500
2025-03-11,37.45000076293945,37.63999938964844,37.41999816894531,37.63999938964844,261700
2025-03-12,37.38999938964844,37.52000045776367,37.38999938964844,37.47999954223633,52400
2025-03-13,37.36000061035156,37.439998626708984,37.34000015258789,37.380001068115234,71500
2025-03-14,37.630001068115234,37.630001068115234,37.459999084472656,37.47999954223633,72600
2025-03-17,37.779998779296875,37.779998779296875,37.59000015258789,37.59000015258789,72800
2025-03-18,37.68000030517578,37.70000076293945,37.599998474121094,37.68000030517578,59900
2025-03-19,37.88999938964844,37.88999938964844,37.630001068115234,37.68000030517578,859400
2025-03-20,37.790000915527344,37.880001068115234,37.7599983215332,37.81999969482422,100100
2025-03-21,37.72050094604492,37.72050094604492,37.72050094604492,37.81999969482422,1053
